"","biosample_id","organism","subspecies","strain","host","host_taxid","isolation_source","env_local_scale","collected_by","geo_loc_name","collection_date","first_public","lat_lon","country","year"
"NC_013654","SAMD00060923","Escherichia coli SE15",NA,"SE15","missing",NA,"nan","nan","nan","nan","nan","nan","nan","missing","missing"
"NZ_HG941718","SAMEA2272019","Escherichia coli O25b:H4-ST131",NA,"EC958","missing",NA,"nan","nan","nan","nan","nan","19/12/2013","nan","missing","missing"
"NC_022648","SAMN02603887","Escherichia coli JJ1886",NA,"JJ1886","missing",NA,"nan","nan","nan","nan","nan","nan","nan","missing","missing"
"NZ_CP010876","SAMN03287565","Escherichia coli",NA,"MNCRE44","human",NA,"sputum","nan","Health care provider","USA: Minnesota","2012-04","nan","46 N 94 W","USA","2012"
"NZ_CP013658","SAMN04159541","Escherichia coli",NA,"uk_P46212","human",NA,"urine","nan","MMM","United Kingdom","01/01/2005","nan","51.7519 N 1.2578 W","United Kingdom","2005"
"NZ_CP013831","SAMN04381845","Escherichia coli",NA,"CD306","cat",NA,"unknown","nan","unknown","USA: New York","2002","nan","40.7127 N 74.0059 W","USA","2002"
"NZ_CP013835","SAMN04381854","Escherichia coli",NA,"JJ2434","human",NA,"unknown","nan","unknown","USA: Minneapolis","2008","nan","44.9778 N 93.2650 W","USA","2008"
"NZ_CP014495","SAMN04381849","Escherichia coli",NA,"SaT040","human",NA,"unknown","nan","unknown","USA: Burlington","2007","nan","44.4758 N 73.2119 W","USA","2007"
"NZ_CP014488","SAMN04381851","Escherichia coli",NA,"G749","human",NA,"unknown","nan","unknown","USA: Seattle","2010","nan","47.6097 N 122.3331 W","USA","2010"
"NZ_CP014497","SAMN04381846","Escherichia coli",NA,"ZH193","human",NA,"unknown","nan","unknown","unknown","2004","nan","40.7127 N 74.0059 W","missing","2004"
"NZ_CP014522","SAMN04381853","Escherichia coli",NA,"ZH063","human",NA,"unknown","nan","unknown","Canada: Winnipeg","2002","nan","49.8994 N 97.1392 W","Canada","2002"
"NZ_CP014316","SAMN04481707","Escherichia coli JJ1887",NA,"JJ1887","human",NA,"not collected","nan","not applicable","USA","2007","nan","not applicable","USA","2007"
"NZ_CP015138","SAMN04621897","Escherichia coli",NA,"Ecol_732","human",NA,"missing","nan","Merck Study for Monitoring of Antimicrobial Resistance Trends (SMART)","Thailand: Bangkok","2012","nan","13.76 N 100.50 E","Thailand","2012"
"NZ_CP015069","SAMN04590096","Escherichia coli",NA,"Ecol_743","human",NA,"missing","nan","Merck Study for Monitoring of Antimicrobial Resistance Trends (SMART)","United Arab Emirates: Dubai","2012","nan","25.28 N 55.30 E","United Arab Emirates","2012"
"NZ_CP015074","SAMN04590095","Escherichia coli",NA,"Ecol_745","human",NA,"missing","nan","Merck Study for Monitoring of Antimicrobial Resistance Trends (SMART)","Morocco: Rabat","2012","nan","34.04 N 6.75 W","Morocco","2012"
"NZ_CP015076","SAMN04590097","Escherichia coli",NA,"Ecol_448","human",NA,"missing","nan","Merck Study for Monitoring of Antimicrobial Resistance Trends (SMART)","Argentina: Buenos Aires","2011","nan","34.60 S 58.38 W","Argentina","2011"
"NZ_CP015159","SAMN03455974","Escherichia coli",NA,"Eco889","missing",NA,"nan","not collected","nan","USA","2014","nan","38.984652 N 77.094709 W","USA","2014"
"NZ_CP015085","SAMN04605558","Escherichia coli O25b:H4",NA,"O25b:H4","human",NA,"Hera General Hopsital, patient","nan","Lab Specialist at Hera General Hopsital, Makkah, Saudi Arabia","Saudi Arabia: Makkah","2014-11","nan","21.3891 N 39.85789999 E","Saudi Arabia","2014"
"NZ_CP018953","SAMN05511184","Escherichia coli",NA,"Ecol_276","human",NA,"nan","nan","Merck Study for Monitoring of Antimicrobial Resistance Trends (SMART)","USA: Pittsburgh","2010","nan","40.44 N 80.00 W","USA","2010"
"NZ_CP018970","SAMN05511186","Escherichia coli",NA,"Ecol_542","human",NA,"nan","nan","Merck Study for Monitoring of Antimicrobial Resistance Trends (SMART)","Viet Nam: Ho Chi Minh City","2011","nan","10.82 N 106.62 E","Viet Nam","2011"
"NZ_CP018979","SAMN05511161","Escherichia coli",NA,"Ecol_656","human",NA,"nan","nan","Merck Study for Monitoring of Antimicrobial Resistance Trends (SMART)","USA: Caguas","2012","nan","18.24 N 66.04 W","USA","2012"
"NZ_CP018991","SAMN05511152","Escherichia coli",NA,"Ecol_AZ146","human",NA,"nan","nan","AstraZeneca global surveillance study of antimicrobial resistance","Italy: Pisa","2012","nan","43.72 N 10.40 E","Italy","2012"
"NZ_CP019008","SAMN05511159","Escherichia coli",NA,"Ecol_AZ159","human",NA,"nan","nan","AstraZeneca global surveillance study of antimicrobial resistance","Colombia: Bogota","2013","nan","4.71 N 74.07 W","Colombia","2013"
"NZ_CP019015","SAMN05511185","Escherichia coli",NA,"Ecol_AZ162","human",NA,"nan","nan","AstraZeneca global surveillance study of antimicrobial resistance","USA: Boston","2013","nan","42.36 N 71.06 W","USA","2013"
"NZ_CP018983","SAMN05511148","Escherichia coli",NA,"Ecol_867","human",NA,"nan","nan","Merck Study for Monitoring of Antimicrobial Resistance Trends (SMART)","Canada: Toronto","2013","nan","43.65 N 79.38 W","Canada","2013"
"NZ_CP019000","SAMN05511160","Escherichia coli",NA,"Ecol_AZ153","human",NA,"nan","nan","AstraZeneca global surveillance study of antimicrobial resistance","China: Beijing","2013","nan","39.90 N 116.41 E","China","2013"
"NZ_CP019012","SAMN05511166","Escherichia coli",NA,"Ecol_AZ161","human",NA,"nan","nan","AstraZeneca global surveillance study of antimicrobial resistance","USA: Lafayette","2013","nan","30.22 N 92.02 W","USA","2013"
"NZ_CP019020","SAMN05511157","Escherichia coli",NA,"Ecol_244","human",NA,"nan","nan","Merck Study for Monitoring of Antimicrobial Resistance Trends (SMART)","Argentina: Buenos Aires","2010","nan","34.60 S 58.38 W","Argentina","2010"
"NZ_CP020116","SAMN04014945","Escherichia coli",NA,"AR_0104","missing",NA,"missing","nan","missing","missing","missing","nan","missing","missing","missing"
"NZ_CP021207","SAMN06925129","Escherichia coli",NA,"strain Z247","human",NA,"blood","nan","Anhui Provincial Hospital, China","China:Hefei","11/09/2015","nan","31.820591 N 117.227219 E","China","2015"
"NZ_CP021179","SAMN06808253","Escherichia coli",NA,"81009","human",NA,"urine","nan","Sylvia El Kurdi","United Arab Emirates: Tawam Hospital, Al Ain","25/10/2009","nan","24.1955 N 55.65 E","United Arab Emirates","2009"
"NZ_CP021689","SAMN04014899","Escherichia coli",NA,"AR_0058","missing",NA,"missing","nan","missing","missing","missing","nan","missing","missing","missing"
"NZ_CP021454","SAMN07162922","Escherichia coli",NA,"H105","human",NA,"vaginal swab","nan","nan","Germany","nan","nan","nan","Germany","missing"
"NZ_CP021935","SAMN04014896","Escherichia coli",NA,"AR_0055","missing",NA,"missing","nan","missing","missing","missing","nan","missing","missing","missing"
"NZ_CP024720","SAMN07980821","Escherichia coli",NA,"nan","yak",NA,"nan","nan","nan","China:NaQu, Xizang","01/03/2015","nan","nan","China","2015"
"NZ_CP024717","SAMN07980822","Escherichia coli",NA,"LS4","yak",NA,"nan","nan","nan","China:LaSa, XiZang","01/03/2015","nan","nan","China","2015"
"NZ_CP027534","SAMN04014922","Escherichia coli",NA,"AR_0081","missing",NA,"missing","nan","missing","missing","missing","nan","missing","missing","missing"
"NZ_CP029576","SAMN09245744","Escherichia coli",NA,"DA33135","human",NA,"nan","nan","nan","Sweden","unknown","nan","nan","Sweden","missing"
"NZ_CP028483","SAMN08382661","Escherichia coli",NA,"E41-1","human",NA,"nan","nan","nan","China:Shanghai","07/02/2017","nan","nan","China","2017"
"NZ_CP030337","SAMN07291544","Escherichia coli",NA,"AR_451","missing",NA,"missing","nan","missing","missing","missing","nan","missing","missing","missing"
"NZ_CP032201","SAMN04014927","Escherichia coli",NA,"nan","missing",NA,"missing","nan","missing","missing","missing","nan","missing","missing","missing"
"NZ_CP032265","SAMN04014930","Escherichia coli",NA,"nan","missing",NA,"missing","nan","missing","missing","missing","nan","missing","missing","missing"
"NZ_CP023849","SAMN07760930","Escherichia coli",NA,"4/0","human",NA,"UTI","nan","nan","Sweden","2009","nan","nan","Sweden","2009"
"NZ_CP023853","SAMN07760925","Escherichia coli",NA,"2/0","human",NA,"UTI","nan","nan","Sweden","2009","nan","nan","Sweden","2009"
"NZ_CP023826","SAMN07760938","Escherichia coli",NA,"04-Apr","human",NA,"feces","nan","nan","Sweden","2009","nan","nan","Sweden","2009"
"NZ_CP023844","SAMN07760931","Escherichia coli",NA,"04/01/2001","human",NA,"feces","nan","nan","Sweden","2009","nan","nan","Sweden","2009"
"NZ_CP022730","SAMN07411973","Escherichia coli",NA,"SA186","human",NA,"urine","nan","Majed Alghoribi","Saudi Arabia:Riyadh","13/01/2012","nan","24.74802900 N 46.85685100 E","Saudi Arabia","2012"
"NZ_AP018784","SAMD00127374","Escherichia coli",NA,"SK1144","missing",NA,"nan","not applicable","nan","not applicable","not applicable","nan","not applicable","missing","missing"
"NZ_CP035477","SAMN10817700","Escherichia coli",NA,"U13A","human",NA,"urine","nan","missing","USA:Utah","2013","nan","missing","USA","2013"
"NZ_CP035516","SAMN10836813","Escherichia coli",NA,"U14A","human",NA,"urine","nan","missing","USA:Utah","2015","nan","missing","USA","2015"
"NZ_CP035476","SAMN10817475","Escherichia coli",NA,"U12A","human",NA,"urine","nan","missing","USA:Utah","2012","nan","missing","USA","2012"
"NZ_CP035720","SAMN10837069","Escherichia coli",NA,"U15A","human",NA,"urine","nan","missing","USA:Utah","2015","nan","missing","USA","2015"
"NZ_CP036245","SAMN10879429","Escherichia coli",NA,"S65EC","human",NA,"urine","nan","nan","Australia","2009-11","nan","nan","Australia","2009"
"NZ_CP029420","SAMN09078534","Escherichia coli",NA,"3385","missing",NA,"nan","nan","nan","China","2017-12","nan","nan","China","2017"
"NZ_CP041337","SAMN12169096","Escherichia coli",NA,"CCUG 73778","human",NA,"blood","nan","nan","Sweden:Gothenburg","18/12/2008","nan","nan","Sweden","2008"
"NZ_AP022362","SAMD00186874","Escherichia coli",NA,"E302","human",NA,"nan","not applicable","nan","Japan:Osaka","01/12/2015","nan","missing","Japan","2015"
"NZ_CP049077","SAMN13948684","Escherichia coli",NA,"p11A","human",NA,"blood","nan","MDACC","USA:Houston","2015-01/2016-07","nan","29.7068 N 95.3971 W","USA","2016"
"NZ_CP049085","SAMN13948677","Escherichia coli",NA,"p4A","human",NA,"blood","nan","MDACC","USA:Houston","2015-01/2016-07","nan","29.7068 N 95.3971 W","USA","2016"
"NZ_CP054219","SAMN15075997","Escherichia coli",NA,"EcPF18","human",NA,"urine","nan","UT Southwestern Medical Center/ UT Dallas","USA: Dallas, Texas","2018-07","nan","32.77 N 96.79 W","USA","2018"
"NZ_CP059281","SAMN15566562","Escherichia coli",NA,"C9","missing",NA,"water","nan","University of Pavia","Italy: Lodi","2019","nan","45.30 N 9.50 E","Italy","2019"
"NZ_CP059279","SAMN15566561","Escherichia coli",NA,"C7","missing",NA,"water","nan","University of Pavia","Italy: Lodi","2019","nan","45.30 N 9.50 E","Italy","2019"
"NZ_AP021998","SAMD00194413","Escherichia coli",NA,"WP3-W18-ESBL-07","missing",NA,"nan","wastewater treatment plant","nan","Japan:Tokyo","13/02/2018","nan","35.6684 N 139.4278 E","Japan","2018"
"NZ_AP022032","SAMD00194427","Escherichia coli",NA,"WP3-S18-ESBL-08","missing",NA,"nan","wastewater treatment plant","nan","Japan:Tokyo","06/08/2018","nan","35.6684 N 139.4278 E","Japan","2018"
"NZ_AP022044","SAMD00194451","Escherichia coli",NA,"WP4-S17-ESBL-03","missing",NA,"nan","wastewater treatment plant","nan","Japan:Tokyo","10/07/2017","nan","35.6514 N 139.4813 E","Japan","2017"
"NZ_AP022064","SAMD00194467","Escherichia coli",NA,"WP4-W18-ESBL-08","missing",NA,"nan","wastewater treatment plant","nan","Japan:Tokyo","13/02/2018","nan","35.6514 N 139.4813 E","Japan","2018"
"NZ_AP022171","SAMD00194535","Escherichia coli",NA,"WP5-S18-ESBL-09","missing",NA,"nan","wastewater treatment plant","nan","Japan:Tokyo","06/08/2018","nan","35.6538 N 139.5126 E","Japan","2018"
"NZ_CP051609","SAMN14594835","Escherichia coli O25b:H4-ST131",NA,"2019_APHA","pig",NA,"cecal sample","nan","nan","United Kingdom","2019","nan","nan","United Kingdom","2019"
"NZ_CP051615","SAMN14594834","Escherichia coli O25b:H4-ST131",NA,"2017_APHA","pig",NA,"cecal sample","nan","nan","United Kingdom","2017","nan","nan","United Kingdom","2017"
"NZ_AP022525","SAMD00196001","Escherichia coli",NA,"THO-003","human",NA,"nan","missing","nan","Japan:Tokyo","09/05/2018","nan","missing","Japan","2018"
"NZ_AP022549","SAMD00196013","Escherichia coli",NA,"THO-015","human",NA,"nan","missing","nan","Japan:Tokyo","12/07/2018","nan","missing","Japan","2018"
"NZ_CP063774","SAMN16520835","Escherichia coli O25b:H4-ST131",NA,"ST131","missing",NA,"wastewater","nan","nan","Hong Kong","2018-06","nan","nan","Hong Kong","2018"
"NZ_CP047710","SAMN13747522","Escherichia coli",NA,"Eco-15","missing",NA,"Rectal","nan","Public Health Ontario","Canada:Ontario","26/11/2015","nan","43.6532 N 79.3832 W","Canada","2015"
"NZ_AP022326","SAMD00199041","Escherichia coli O25:H4",NA,"18044","human",NA,"nan","missing","nan","Japan","2018","nan","missing","Japan","2018"
"NZ_CP069488","SAMN16357406","Escherichia coli",NA,"FDAARGOS_1264","human",NA,"missing","nan","ARMADA","USA:WA","Unknown","nan","Not applicable","USA","missing"
"NZ_CP069583","SAMN16357407","Escherichia coli",NA,"FDAARGOS_1265","human",NA,"missing","nan","ARMADA","USA:WA","Unknown","nan","Not applicable","USA","missing"
"NZ_CP069589","SAMN16357408","Escherichia coli",NA,"FDAARGOS_1266","human",NA,"missing","nan","ARMADA","USA:WA","Unknown","nan","Not applicable","USA","missing"
"NZ_CP070593","SAMN16933302","Escherichia coli",NA,"ESC53083","human",NA,"stool","nan","Fakultn nemocnice Hradec Krlov","Czech Republic: Hradec Krlov","19/09/2019","nan","50.21 N 15.82 E","Czech Republic","2019"
"NZ_CP063515","SAMN16387490","Escherichia coli",NA,"EH01-18-04-A","human",NA,"rectal swab","nan","Institute for Infectious Diseases Bern","Laos","2018","nan","missing","Laos","2018"
"NZ_CP072980","SAMN18652183","Escherichia coli",NA,"2547","human",NA,"sputum","nan","Xi Li","China: zhejiang","08/02/2018","nan","30.26 N 120.19 E","China","2018"
"NZ_CP076687","SAMN19700016","Escherichia coli",NA,"S22EC","human",NA,"nan","not applicable","nan","United Kingdom:Manchester","2009","nan","not collected","United Kingdom","2009"
"NZ_CP076689","SAMN19700015","Escherichia coli",NA,"S21EC","human",NA,"nan","not applicable","nan","United Kingdom:Manchester","2009","nan","not collected","United Kingdom","2009"
"NZ_CP076697","SAMN19700013","Escherichia coli",NA,"S10EC","human",NA,"nan","not applicable","nan","United Kingdom:Manchester","2009","nan","not collected","United Kingdom","2009"
"NZ_CP076693","SAMN19700014","Escherichia coli",NA,"S103EC","human",NA,"nan","not applicable","nan","Australia:Brisbane","2010-01","nan","not collected","Australia","2010"
"NZ_CP059130","SAMN15486685","Escherichia coli",NA,"Ec55","human",NA,"nan","nan","nan","Ghana","2016","nan","nan","Ghana","2016"
"NZ_CP080116","SAMN20339880","Escherichia coli",NA,"Dog168","dog",NA,"dog, faeces","nan","not available","Kenya","2009","nan","2.34 N 37.98 E","Kenya","2009"
"NZ_CP080117","SAMN20339879","Escherichia coli",NA,"OV24","missing",NA,"wastewater treatment plant effluent","nan","not available","Czech Republic: Brno","2009","nan","49.13 N 16.63 E","Czech Republic","2009"
"NZ_CP080118","SAMN20339878","Escherichia coli",NA,"M70","human",NA,"human, urinary tract infection","nan","not available","Czech Republic: Brno","2010","nan","49.19 N 16.60 E","Czech Republic","2010"
"NZ_CP080119","SAMN20339877","Escherichia coli",NA,"M45","human",NA,"human, urinary tract infection","nan","not available","Czech Republic: Brno","2010","nan","49.19 N 16.60 E","Czech Republic","2010"
"NZ_CP080120","SAMN20339876","Escherichia coli",NA,"M24","human",NA,"human, urinary tract infection","nan","not available","Czech Republic: Brno","2009","nan","49.19 N 16.60 E","Czech Republic","2009"
"NZ_CP082831","SAMN20982447","Escherichia coli",NA,"SCAID WND1-2021 (1/128)","human",NA,"Swab from Wound","nan","JSC Scientific Center for anti-infectious Drugs, Laboratory of Microbiology","Kazakhstan: Almaty","16/02/2021","nan","43.23 N 76.88 E","Kazakhstan","2021"
"NZ_CP089445","SAMN23798050","Escherichia coli",NA,"05-Jan","human",NA,"body fluids","nan","nan","China: Kunming","11/01/2021","nan","nan","China","2021"
"NZ_CP082775","SAMN21159020","Escherichia coli O25:H4",NA,"CU568-3","human",NA,"stool","nan","nan","USA: Chapel Hill, North Carolina","missing","nan","nan","USA","missing"
"NZ_CP051659","SAMN14611938","Escherichia coli",NA,"1162C","human",NA,"urine","nan","Sandra Gavilanes, UNAM","Mexico: Mexico City","2012-03","nan","Not applicable","Mexico","2012"
"NZ_CP051661","SAMN14611937","Escherichia coli",NA,"1162T7","human",NA,"urine","nan","Sandra Gavilanes, UNAM","Mexico: Mexico City","2011-06","nan","Not applicable","Mexico","2011"
"NZ_CP051663","SAMN14611936","Escherichia coli",NA,"1162invT2","human",NA,"urine","nan","Sandra Gavilanes, UNAM","Mexico: Mexico City","2010-11","nan","Not applicable","Mexico","2010"
"NZ_CP056114","SAMN15326090","Escherichia coli",NA,"Ec394-330266","human",NA,"urine","nan","nan","Germany","2019","nan","nan","Germany","2019"
"NZ_CP093011","SAMN22456104","Escherichia coli",NA,"131","human",NA,"hospital","nan","Stellenbosch University","South Africa","2017","nan","33.9106 S 18.6129 E","South Africa","2017"
"NZ_CP095137","SAMN17766590","Escherichia coli",NA,"Iso00225","human",NA,"Chronic wound","nan","nan","Ghana: Asante Akyem District","2016","nan","nan","Ghana","2016"
"NZ_CP097367","SAMN28215601","Escherichia coli",NA,"AGR6128","missing",NA,"water","nan","nan","New Zealand: Tapuata Stream","23/02/2021","nan","nan","New Zealand","2021"
"NZ_CP097360","SAMN28215599","Escherichia coli",NA,"AGR4587","missing",NA,"water","nan","nan","New Zealand: Tapuata Stream","02/03/2020","nan","nan","New Zealand","2020"
"NZ_CP097370","SAMN28215600","Escherichia coli",NA,"AGR5151","missing",NA,"water","nan","nan","New Zealand: Tapuata Stream","01/10/2020","nan","nan","New Zealand","2020"
"NZ_CP098203","SAMN28703749","Escherichia coli",NA,"Z0117EC0055","dog",NA,"nan","nan","nan","South Korea","2017-08","nan","nan","South Korea","2017"
"NZ_CP098219","SAMN28703743","Escherichia coli",NA,"Z0117EC0013","dog",NA,"nan","nan","nan","South Korea","2017-07","nan","nan","South Korea","2017"
"NZ_CP102061","SAMN30011701","Escherichia coli",NA,"C31","human",NA,"urine","nan","National University of Singapore Hospital","Singapore","Unknown","nan","1.2904 N 103.7764 E","Singapore","missing"
"NZ_CP102947","SAMN30333619","Escherichia coli",NA,"SCAID WND1-2022 (119)","human",NA,"bile duct discharge","nan","JSC Scientific Center for anti-infectious Drugs, Laboratory of Microbiology","Kazakhstan: Almaty","2022-02","nan","43.26 N 76.93 E","Kazakhstan","2022"
"NZ_CP103557","SAMN28174077","Escherichia coli O25b:H4-ST131",NA,"4993","human",NA,"blood","nan","MDACC","USA: Houston","02/06/2019","nan","29.7068 N 95.3971 W","USA","2019"
"NZ_CP103592","SAMN28174053","Escherichia coli O25b:H4-ST131",NA,"4224","human",NA,"blood","nan","MDACC","USA: Houston","10/01/2019","nan","29.7068 N 95.3971 W","USA","2019"
"NZ_CP103508","SAMN28174099","Escherichia coli O25b:H4-ST131",NA,"5506","human",NA,"blood","nan","MDACC","USA: Houston","13/11/2019","nan","29.7068 N 95.3971 W","USA","2019"
"NZ_CP103562","SAMN28173988","Escherichia coli O25b:H4-ST131",NA,"751","human",NA,"blood","nan","MDACC","USA: Houston","06/05/2019","nan","29.7068 N 95.3971 W","USA","2019"
"NZ_CP103465","SAMN28174092","Escherichia coli O25b:H4-ST131",NA,"5392","human",NA,"blood","nan","MDACC","USA: Houston","13/02/2020","nan","29.7068 N 95.3971 W","USA","2020"
"NZ_CP103710","SAMN28174028","Escherichia coli O25b:H4-ST131",NA,"ST131","human",NA,"blood","nan","MDACC","USA: Houston","03/02/2017","nan","29.7068 N 95.3971 W","USA","2017"
"NZ_CP103742","SAMN28174008","Escherichia coli O25b:H4-ST131",NA,"2822","human",NA,"blood","nan","MDACC","USA: Houston","06/11/2016","nan","29.7068 N 95.3971 W","USA","2016"
"NZ_CP103672","SAMN28174062","Escherichia coli O25b:H4-ST131",NA,"4433","human",NA,"blood","nan","MDACC","USA: Houston","15/03/2018","nan","29.7068 N 95.3971 W","USA","2018"
"NZ_CP103755","SAMN13948685","Escherichia coli",NA,"p11B","human",NA,"blood","nan","MDACC","USA:Houston","2015-01/2016-07","nan","29.7068 N 95.3971 W","USA","2016"
"NZ_CP104846","SAMN30884994","Escherichia coli",NA,"DFS.1","dolphin",NA,"missing","nan","Yang Sun","China: Hainan Province","2020-03","nan","20.06 N 110.62 E","China","2020"
"NZ_CP104848","SAMN30884993","Escherichia coli",NA,"DFK.1","dolphin",NA,"missing","nan","Yang Sun","China: Hainan Province","2020-03","nan","20.06 N 110.62 E","China","2020"
"NZ_AP026788","SAMD00533654","Escherichia coli",NA,"IPCEC42","human",NA,"nan","missing","nan","Cambodia:Phnom Penh","missing","nan","missing","Cambodia","missing"
"NZ_AP026794","SAMD00533655","Escherichia coli",NA,"IPCEC48","human",NA,"nan","missing","nan","Cambodia:Phnom Penh","missing","nan","missing","Cambodia","missing"
"NZ_CP095520","SAMN27361461","Escherichia coli",NA,"GN04171","human",NA,"blood","nan","Vance G. Fowler Jr.","USA","2011","nan","36 N 78.9 W","USA","2011"
"NZ_CP095540","SAMN27361470","Escherichia coli",NA,"GN03204","human",NA,"blood","nan","Vance G. Fowler Jr.","USA","2009","nan","36 N 78.9 W","USA","2009"
"NZ_JAPVBX010000001","SAMN32080935","Escherichia coli",NA,"KE21","human",NA,"urine","nan","UTD/UTSW","USA: Dallas, Texas","15/08/2022","nan","32.77 N 96.79 W","USA","2022"
"NZ_CP116085","SAMN31988497","Escherichia coli",NA,"DETEC-S566","missing",NA,"ICU staff rectal swab","nan","nan","China: Guangzhou","01/09/2019","nan","nan","China","2019"
"NZ_CP116145","SAMN31988467","Escherichia coli",NA,"DETEC-P622","missing",NA,"ICU patient rectal swab","nan","nan","China: Guangzhou","03/09/2019","nan","nan","China","2019"
"NZ_CP116181","SAMN31988416","Escherichia coli",NA,"DETEC-E480","missing",NA,"button","nan","nan","China: Guangzhou","19/08/2019","nan","nan","China","2019"
"NZ_CP120633","SAMN33712750","Escherichia coli",NA,"USVAST219","missing",NA,"human clinical specimen","nan","nan","USA: Michigan","2011","nan","nan","USA","2011"
"NZ_CP124322","SAMN34375064","Escherichia coli",NA,"AVS0717","missing",NA,"wastewater treatment plant efflux","nan","Amt fuer Verbraucherschutz, Kanton Zug","Switzerland: Kanton Zug","12/08/2021","nan","missing","Switzerland","2021"
"NZ_CP124324","SAMN34375063","Escherichia coli",NA,"AVS0536","missing",NA,"wastewater treatment plant efflux","nan","Amt fuer Verbraucherschutz, Kanton Zug","Switzerland: Kanton Zug","17/06/2021","nan","missing","Switzerland","2021"
"NZ_CP124326","SAMN34375062","Escherichia coli",NA,"AVS0285","missing",NA,"wastewater treatment plant efflux","nan","Amt fuer Verbraucherschutz, Kanton Zug","Switzerland: Kanton Zug","10/03/2021","nan","missing","Switzerland","2021"
"NZ_CP124328","SAMN34375061","Escherichia coli",NA,"AVS0787","missing",NA,"wastewater","nan","Amt fuer Verbraucherschutz, Kanton Zug","Switzerland: Kanton Zug","18/08/2021","nan","missing","Switzerland","2021"
"NZ_CP124337","SAMN34375058","Escherichia coli",NA,"AVS0971","missing",NA,"wastewater","nan","Amt fuer Verbraucherschutz, Kanton Zug","Switzerland: Kanton Zug","23/01/2022","nan","missing","Switzerland","2022"
"NZ_CP124341","SAMN34375056","Escherichia coli",NA,"AVS0710","missing",NA,"wastewater","nan","Amt fuer Verbraucherschutz, Kanton Zug","Switzerland: Kanton Zug","12/08/2021","nan","missing","Switzerland","2021"
"NZ_CP124345","SAMN34375054","Escherichia coli",NA,"AVS0530","missing",NA,"wastewater","nan","Amt fuer Verbraucherschutz, Kanton Zug","Switzerland: Kanton Zug","17/06/2021","nan","missing","Switzerland","2021"
"NZ_CP124347","SAMN34375053","Escherichia coli",NA,"AVS0283","missing",NA,"wastewater","nan","Amt fuer Verbraucherschutz, Kanton Zug","Switzerland: Kanton Zug","10/03/2021","nan","missing","Switzerland","2021"
"NZ_CP124349","SAMN34375052","Escherichia coli",NA,"AVS0453","missing",NA,"environmental-WWTP","nan","Amt fuer Verbraucherschutz, Kanton Zug","Switzerland: Kanton Zug","20/05/2021","nan","missing","Switzerland","2021"
"NZ_CP124351","SAMN34375051","Escherichia coli",NA,"AVS0362","missing",NA,"environmental-WWTP","nan","Amt fuer Verbraucherschutz, Kanton Zug","Switzerland: Kanton Zug","14/04/2021","nan","missing","Switzerland","2021"
"NZ_CP124353","SAMN34375050","Escherichia coli",NA,"AVS0226","missing",NA,"environmental-WWTP","nan","Amt fuer Verbraucherschutz, Kanton Zug","Switzerland: Kanton Zug","12/01/2021","nan","missing","Switzerland","2021"
"NZ_CP124355","SAMN34375049","Escherichia coli",NA,"AVS0171","missing",NA,"environmental-WWTP","nan","Amt fuer Verbraucherschutz, Kanton Zug","Switzerland: Kanton Zug","19/11/2020","nan","missing","Switzerland","2020"
"NZ_CP124357","SAMN34375048","Escherichia coli",NA,"AVS0467","missing",NA,"environmental-WWTP","nan","Amt fuer Verbraucherschutz, Kanton Zug","Switzerland: Kanton Zug","07/06/2021","nan","missing","Switzerland","2021"
"NZ_CP124359","SAMN34375047","Escherichia coli",NA,"AVS0093","missing",NA,"environmental-WWTP","nan","Amt fuer Verbraucherschutz, Kanton Zug","Switzerland: Kanton Zug","10/08/2020","nan","missing","Switzerland","2020"
"NZ_CP124367","SAMN34360985","Escherichia coli",NA,"AVS0465","missing",NA,"environmental: river near WWTP effluent","nan","Amt fuer Verbraucherschutz, Kanton Zug","Switzerland: Kanton Zug","07/06/2021","nan","missing","Switzerland","2021"
"NZ_CP124372","SAMN34360984","Escherichia coli",NA,"AVS0151","missing",NA,"environmental: river near WWTP effluent","nan","Amt fuer Verbraucherschutz, Kanton Zug","Switzerland: Kanton Zug","07/10/2020","nan","missing","Switzerland","2020"
"NZ_CP124374","SAMN34360983","Escherichia coli",NA,"AVS0578","missing",NA,"environmental: river/lake","nan","Amt fuer Verbraucherschutz, Kanton Zug","Switzerland: Kanton Zug","07/07/2021","nan","missing","Switzerland","2021"
"NZ_CP124385","SAMN34360982","Escherichia coli",NA,"AVS0153","missing",NA,"environmental: river near WWTP effluent","nan","Amt fuer Verbraucherschutz, Kanton Zug","Switzerland: Kanton Zug","07/10/2020","nan","missing","Switzerland","2020"
"NZ_CP124387","SAMN34360981","Escherichia coli",NA,"AVS0972","missing",NA,"wastewater","nan","Amt fuer Verbraucherschutz, Kanton Zug","Switzerland: Kanton Zug","23/01/2022","nan","missing","Switzerland","2022"
"NZ_CP124392","SAMN34360980","Escherichia coli",NA,"AVS0968","missing",NA,"wastewater","nan","Amt fuer Verbraucherschutz, Kanton Zug","Switzerland: Kanton Zug","23/01/2022","nan","missing","Switzerland","2022"
"NZ_CP124343","SAMN34375055","Escherichia coli",NA,"AVS0533","missing",NA,"wastewater","nan","Amt fuer Verbraucherschutz, Kanton Zug","Switzerland: Kanton Zug","17/06/2021","nan","missing","Switzerland","2021"
"NZ_CP124339","SAMN34375057","Escherichia coli",NA,"AVS0713","missing",NA,"wastewater","nan","Amt fuer Verbraucherschutz, Kanton Zug","Switzerland: Kanton Zug","12/08/2021","nan","missing","Switzerland","2021"
"NZ_CP124334","SAMN34375059","Escherichia coli",NA,"AVS0786","missing",NA,"wastewater","nan","Amt fuer Verbraucherschutz, Kanton Zug","Switzerland: Kanton Zug","18/08/2021","nan","missing","Switzerland","2021"
"NZ_CP124320","SAMN34375065","Escherichia coli",NA,"AVS0754","missing",NA,"wastewater treatment plant efflux","nan","Amt fuer Verbraucherschutz, Kanton Zug","Switzerland: Kanton Zug","16/08/2021","nan","missing","Switzerland","2021"
"NZ_CP124332","SAMN34375060","Escherichia coli",NA,"AVS0753","missing",NA,"wastewater","nan","Amt fuer Verbraucherschutz, Kanton Zug","Switzerland: Kanton Zug","16/08/2021","nan","missing","Switzerland","2021"
"NZ_CP124515","SAMN34360949","Escherichia coli",NA,"AVS0282","missing",NA,"wastewater","nan","Amt fuer Verbraucherschutz, Kanton Zug","Switzerland: Kanton Zug","10/03/2021","nan","missing","Switzerland","2021"
"NZ_CP124513","SAMN34360950","Escherichia coli",NA,"AVS0366","missing",NA,"environmental: river near WWTP effluent","nan","Amt fuer Verbraucherschutz, Kanton Zug","Switzerland: Kanton Zug","28/04/2021","nan","missing","Switzerland","2021"
"NZ_CP124511","SAMN34360951","Escherichia coli",NA,"AVS0501","missing",NA,"environmental: river/lake","nan","Amt fuer Verbraucherschutz, Kanton Zug","Switzerland: Kanton Zug","08/06/2021","nan","missing","Switzerland","2021"
"NZ_CP124508","SAMN34360952","Escherichia coli",NA,"AVS0068","missing",NA,"environmental: river near WWTP effluent","nan","Amt fuer Verbraucherschutz, Kanton Zug","Switzerland: Kanton Zug","05/08/2020","nan","missing","Switzerland","2020"
"NZ_CP124500","SAMN34360955","Escherichia coli",NA,"AVS0744","missing",NA,"wastewater","nan","Amt fuer Verbraucherschutz, Kanton Zug","Switzerland: Kanton Zug","16/08/2021","nan","missing","Switzerland","2021"
"NZ_CP124498","SAMN34360956","Escherichia coli",NA,"AVS0655","missing",NA,"environmental: river/lake","nan","Amt fuer Verbraucherschutz, Kanton Zug","Switzerland: Kanton Zug","02/08/2021","nan","missing","Switzerland","2021"
"NZ_CP124502","SAMN34360954","Escherichia coli",NA,"AVS0970","missing",NA,"wastewater","nan","Amt fuer Verbraucherschutz, Kanton Zug","Switzerland: Kanton Zug","23/01/2022","nan","missing","Switzerland","2022"
"NZ_CP124495","SAMN34360957","Escherichia coli",NA,"AVS0662","missing",NA,"environmental: river near WWTP effluent","nan","Amt fuer Verbraucherschutz, Kanton Zug","Switzerland: Kanton Zug","02/08/2021","nan","missing","Switzerland","2021"
"NZ_CP124492","SAMN34360958","Escherichia coli",NA,"AVS0225","missing",NA,"environmental: river near WWTP effluent","nan","Amt fuer Verbraucherschutz, Kanton Zug","Switzerland: Kanton Zug","12/01/2021","nan","missing","Switzerland","2021"
"NZ_CP124490","SAMN34360959","Escherichia coli",NA,"AVS0456","missing",NA,"environmental: river near WWTP effluent","nan","Amt fuer Verbraucherschutz, Kanton Zug","Switzerland: Kanton Zug","20/05/2021","nan","missing","Switzerland","2021"
"NZ_CP124487","SAMN34360960","Escherichia coli",NA,"AVS0542","missing",NA,"environmental: river near WWTP effluent","nan","Amt fuer Verbraucherschutz, Kanton Zug","Switzerland: Kanton Zug","23/06/2021","nan","missing","Switzerland","2021"
"NZ_CP124483","SAMN34360961","Escherichia coli",NA,"AVS0575","missing",NA,"environmental: river near WWTP effluent","nan","Amt fuer Verbraucherschutz, Kanton Zug","Switzerland: Kanton Zug","07/07/2021","nan","missing","Switzerland","2021"
"NZ_CP124481","SAMN34360962","Escherichia coli",NA,"AVS0756","missing",NA,"wastewater efflux","nan","Amt fuer Verbraucherschutz, Kanton Zug","Switzerland: Kanton Zug","16/08/2021","nan","missing","Switzerland","2021"
"NZ_CP124475","SAMN34360963","Escherichia coli",NA,"AVS0969","missing",NA,"wastewater","nan","Amt fuer Verbraucherschutz, Kanton Zug","Switzerland: Kanton Zug","23/01/2022","nan","missing","Switzerland","2022"
"NZ_CP124471","SAMN34360964","Escherichia coli",NA,"AVS0973","missing",NA,"wastewater","nan","Amt fuer Verbraucherschutz, Kanton Zug","Switzerland: Kanton Zug","23/01/2022","nan","missing","Switzerland","2022"
"NZ_CP124467","SAMN34360965","Escherichia coli",NA,"AVS0747","missing",NA,"wastewater","nan","Amt fuer Verbraucherschutz, Kanton Zug","Switzerland: Kanton Zug","16/08/2021","nan","missing","Switzerland","2021"
"NZ_CP124460","SAMN34360966","Escherichia coli",NA,"AVS0947","missing",NA,"environmental: river/lake","nan","Amt fuer Verbraucherschutz, Kanton Zug","Switzerland: Kanton Zug","13/01/2022","nan","missing","Switzerland","2022"
"NZ_CP124455","SAMN34360967","Escherichia coli",NA,"AVS0193","missing",NA,"environmental: river near WWTP effluent","nan","Amt fuer Verbraucherschutz, Kanton Zug","Switzerland: Kanton Zug","26/11/2020","nan","missing","Switzerland","2020"
"NZ_CP124442","SAMN34360969","Escherichia coli",NA,"AVS0196","missing",NA,"environmental: river near WWTP effluent","nan","Amt fuer Verbraucherschutz, Kanton Zug","Switzerland: Kanton Zug","26/11/2020","nan","missing","Switzerland","2020"
"NZ_CP124436","SAMN34360970","Escherichia coli",NA,"AVS0790","missing",NA,"wastewater efflux","nan","Amt fuer Verbraucherschutz, Kanton Zug","Switzerland: Kanton Zug","18/08/2021","nan","missing","Switzerland","2021"
"NZ_CP124429","SAMN34360971","Escherichia coli",NA,"AVS0051","missing",NA,"environmental: river/lake","nan","Amt fuer Verbraucherschutz, Kanton Zug","Switzerland: Kanton Zug","05/08/2020","nan","missing","Switzerland","2020"
"NZ_CP124424","SAMN34360972","Escherichia coli",NA,"AVS0247","missing",NA,"environmental: river/lake","nan","Amt fuer Verbraucherschutz, Kanton Zug","Switzerland: Kanton Zug","10/02/2021","nan","missing","Switzerland","2021"
"NZ_CP124420","SAMN34360973","Escherichia coli",NA,"AVS0155","missing",NA,"environmental: river near WWTP effluent","nan","Amt fuer Verbraucherschutz, Kanton Zug","Switzerland: Kanton Zug","05/11/2020","nan","missing","Switzerland","2020"
"NZ_CP124415","SAMN34360974","Escherichia coli",NA,"AVS0223","missing",NA,"environmental: river near WWTP effluent","nan","Amt fuer Verbraucherschutz, Kanton Zug","Switzerland: Kanton Zug","12/01/2021","nan","missing","Switzerland","2021"
"NZ_CP124517","SAMN34360975","Escherichia coli",NA,"AVS0343","missing",NA,"environmental: river near WWTP effluent","nan","Amt fuer Verbraucherschutz, Kanton Zug","Switzerland: Kanton Zug","31/03/2021","nan","missing","Switzerland","2021"
"NZ_CP124410","SAMN34360976","Escherichia coli",NA,"AVS0543","missing",NA,"environmental: river near WWTP effluent","nan","Amt fuer Verbraucherschutz, Kanton Zug","Switzerland: Kanton Zug","23/06/2021","nan","missing","Switzerland","2021"
"NZ_CP124405","SAMN34360977","Escherichia coli",NA,"AVS0935","missing",NA,"environmental: river near WWTP effluent","nan","Amt fuer Verbraucherschutz, Kanton Zug","Switzerland: Kanton Zug","13/01/2022","nan","missing","Switzerland","2022"
"NZ_CP124400","SAMN34360978","Escherichia coli",NA,"AVS0528","missing",NA,"wastewater","nan","Amt fuer Verbraucherschutz, Kanton Zug","Switzerland: Kanton Zug","17/06/2021","nan","missing","Switzerland","2021"
"NZ_CP124506","SAMN34360953","Escherichia coli",NA,"AVS0750","missing",NA,"wastewater","nan","Amt fuer Verbraucherschutz, Kanton Zug","Switzerland: Kanton Zug","16/08/2021","nan","missing","Switzerland","2021"
"NZ_CP128907","SAMN35654555","Escherichia coli",NA,"TUM13881","human",NA,"drain drainage","nan","Toho University School of Medicine","Japan","2013","nan","missing","Japan","2013"
"NZ_CP128916","SAMN35654465","Escherichia coli",NA,"TUM13770","human",NA,"ascites fluid","nan","Toho University School of Medicine","Japan","2011","nan","missing","Japan","2011"
"NZ_CP128947","SAMN35768989","Escherichia coli",NA,"TUM2826","missing",NA,"missing","nan","Toho University School of Medicine","Japan","2006","nan","missing","Japan","2006"
"NZ_CP107151","SAMN31158873","Escherichia coli",NA,"R13","missing",NA,"human","nan","nan","Sweden: Gothenburg","2018","nan","nan","Sweden","2018"
"NZ_CP107153","SAMN31158872","Escherichia coli",NA,"R12","missing",NA,"human","nan","nan","Sweden: Gothenburg","2018","nan","nan","Sweden","2018"
"NZ_CP107155","SAMN31158871","Escherichia coli",NA,"R11","missing",NA,"human","nan","nan","Sweden: Gothenburg","2018","nan","nan","Sweden","2018"
"NZ_CP107162","SAMN31158870","Escherichia coli",NA,"R10","missing",NA,"human","nan","nan","Sweden: Gothenburg","2018","nan","nan","Sweden","2018"
"NZ_CP107164","SAMN31158869","Escherichia coli",NA,"R9","missing",NA,"human","nan","nan","Sweden: Gothenburg","2018","nan","nan","Sweden","2018"
"NZ_CP107172","SAMN31158868","Escherichia coli",NA,"R8","missing",NA,"human","nan","nan","Sweden: Gothenburg","2018","nan","nan","Sweden","2018"
"NZ_CP107174","SAMN31158867","Escherichia coli",NA,"R7","missing",NA,"human","nan","nan","Sweden: Gothenburg","2018","nan","nan","Sweden","2018"
"NZ_CP107178","SAMN31158866","Escherichia coli",NA,"R6","missing",NA,"human","nan","nan","Sweden: Gothenburg","2017","nan","nan","Sweden","2017"
"NZ_CP107182","SAMN31158865","Escherichia coli",NA,"R4","missing",NA,"human","nan","nan","Sweden: Gothenburg","2017","nan","nan","Sweden","2017"
"NZ_CP107184","SAMN31158864","Escherichia coli",NA,"R3","missing",NA,"human","nan","nan","Sweden: Gothenburg","2017","nan","nan","Sweden","2017"
"NZ_CP107188","SAMN31158863","Escherichia coli",NA,"R2","missing",NA,"human","nan","nan","Sweden: Gothenburg","2017","nan","nan","Sweden","2017"
"NZ_CP107114","SAMN31158885","Escherichia coli",NA,"S14","missing",NA,"human","nan","nan","Sweden: Gothenburg","2018","nan","nan","Sweden","2018"
"NZ_CP107117","SAMN31158884","Escherichia coli",NA,"S13","missing",NA,"human","nan","nan","Sweden: Gothenburg","2018","nan","nan","Sweden","2018"
"NZ_CP107120","SAMN31158883","Escherichia coli",NA,"S12","missing",NA,"human","nan","nan","Sweden: Gothenburg","2018","nan","nan","Sweden","2018"
"NZ_CP107122","SAMN31158882","Escherichia coli",NA,"S9","missing",NA,"human","nan","nan","Sweden: Gothenburg","2018","nan","nan","Sweden","2018"
"NZ_CP107126","SAMN31158881","Escherichia coli",NA,"S8","missing",NA,"human","nan","nan","Sweden: Gothenburg","2018","nan","nan","Sweden","2018"
"NZ_CP107128","SAMN31158880","Escherichia coli",NA,"S7","missing",NA,"human","nan","nan","Sweden: Gothenburg","2018","nan","nan","Sweden","2018"
"NZ_CP107134","SAMN31158879","Escherichia coli",NA,"S6","missing",NA,"human","nan","nan","Sweden: Gothenburg","2018","nan","nan","Sweden","2018"
"NZ_CP107137","SAMN31158878","Escherichia coli",NA,"S5","missing",NA,"human","nan","nan","Sweden: Gothenburg","2018","nan","nan","Sweden","2018"
"NZ_CP107142","SAMN31158876","Escherichia coli",NA,"S3","missing",NA,"human","nan","nan","Sweden: Gothenburg","2018","nan","nan","Sweden","2018"
"NZ_CP107143","SAMN31158875","Escherichia coli",NA,"S2","missing",NA,"human","nan","nan","Sweden: Gothenburg","2017","nan","nan","Sweden","2017"
"NZ_CP096110","SAMN15378039","Escherichia coli",NA,"DP033","human",NA,"Rectal swab","nan","nan","Netherlands: Tilburg","2009","nan","nan","Netherlands","2009"
"NZ_CP107147","SAMN31158874","Escherichia coli",NA,"R14","missing",NA,"human","nan","nan","Sweden: Gothenburg","2018","nan","nan","Sweden","2018"
"NZ_CP115324","SAMN32339853","Escherichia coli",NA,"CUVET17-1136","dog",NA,"urine","nan","Pattrarat Chanchaithong","Thailand: Bangkok","27/10/2017","nan","nan","Thailand","2017"
"NZ_CP115390","SAMN32339837","Escherichia coli",NA,"CUVET20-PYO1","dog",NA,"Endometrium","nan","Pattrarat Chanchaithong","Thailand: Bangkok","11/06/2020","nan","nan","Thailand","2020"
"NZ_CP134384","SAMN37323656","Escherichia coli",NA,"TUM11352","human",NA,"feces","nan","Toho University","Japan","2011","nan","missing","Japan","2011"
"NZ_CP133923","SAMN37196943","Escherichia coli",NA,"M21816","human",NA,"abscess","nan","Hospital Italiano de Buenos Aires","Argentina: Buenos Aires","23/11/2016","nan","34.6098926 S 58.448087 W","Argentina","2016"
"NZ_CP133927","SAMN37196942","Escherichia coli",NA,"M22546","human",NA,"urine","nan","Hospital Rawson","Argentina: Crdoba","21/07/2017","nan","31.4289065 S 64.1743813 W","Argentina","2017"
"NZ_LS999560","SAMEA4786450","Escherichia coli",NA,"nan","missing",NA,"nan","nan","nan","nan","nan","28/01/2019","nan","missing","missing"
"NZ_LS992168","SAMEA4830524","Escherichia coli",NA,"nan","missing",NA,"nan","nan","nan","nan","nan","28/01/2019","nan","missing","missing"
"NZ_LS992180","SAMEA4830820","Escherichia coli",NA,"nan","missing",NA,"nan","nan","nan","nan","nan","28/01/2019","nan","missing","missing"
"NZ_LS992192","SAMEA4830526","Escherichia coli",NA,"nan","missing",NA,"nan","nan","nan","nan","nan","28/01/2019","nan","missing","missing"
"NZ_LS992190","SAMEA4830527","Escherichia coli",NA,"nan","missing",NA,"nan","nan","nan","nan","nan","28/01/2019","nan","missing","missing"
"NZ_LR130545","SAMEA5128441","Escherichia coli",NA,"B36","human",NA,"blood","nan","nan","Australia","nan","08/01/2019","nan","Australia","missing"
"NZ_LR890693","SAMEA3357417","Escherichia coli",NA,"MSB1_4E","human",NA,"rectal swab","nan","nan","Australia","2014-02","15/09/2015","-0.262637808","Australia","2014"
"NZ_OW848785","SAMEA7853234","Escherichia coli",NA,"nan","human",NA,"Hospital Universitario Gregorio Maranon (Madrid)","nan","nan","Spain","2018","14/10/2021","nan","Spain","2018"
"NZ_OW849064","SAMEA7853286","Escherichia coli",NA,"nan","human",NA,"Hospital Universitario Gregorio Maranon (Madrid)","nan","nan","Spain","2016","14/10/2021","nan","Spain","2016"
"NZ_OW968277","SAMEA8065782","Escherichia coli",NA,"nan","human",NA,"Hospital Universitario Central de Asturias (Oviedo)","nan","nan","Spain","2018","14/10/2021","nan","Spain","2018"
"NZ_OX030701","SAMEA8065784","Escherichia coli",NA,"nan","human",NA,"Hospital Universitario Central de Asturias (Oviedo)","nan","nan","Spain","2018","14/10/2021","nan","Spain","2018"
"NZ_OX637959","SAMEA112356745","Escherichia coli O25b:H4-ST131",NA,"ST131","human",NA,"Urinary tract","nan","nan","Armenia","07/03/2019","24/01/2023","nan","Armenia","2019"
"NZ_OX637961","SAMEA112356748","Escherichia coli O25b:H4-ST131",NA,"ST131","human",NA,"Urinary tract","nan","nan","Armenia","09/01/2019","24/01/2023","nan","Armenia","2019"
"NZ_OX637964","SAMEA112356747","Escherichia coli O25b:H4-ST131",NA,"ST131","human",NA,"Urinary tract","nan","nan","Armenia","11/03/2019","24/01/2023","nan","Armenia","2019"
"NZ_OY019088","SAMEA112356746","Escherichia coli O25b:H4-ST131",NA,"ST131","human",NA,"Urinary tract","nan","nan","Armenia","15/04/2019","24/01/2023","nan","Armenia","2019"
