asmbl,id,len,type,description
GCF_002011965.1_ASM201196v1_genomic,NZ_CP018953.1,4898796,chromosome,"NZ_CP018953.1 Escherichia coli strain Ecol_276 chromosome, complete genome"
GCF_002011965.1_ASM201196v1_genomic,NZ_CP018952.1,132345,plasmid,"NZ_CP018952.1 Escherichia coli strain Ecol_276 plasmid pEC276_1, complete sequence"
GCF_002011965.1_ASM201196v1_genomic,NZ_CP018951.1,43380,plasmid,"NZ_CP018951.1 Escherichia coli strain Ecol_276 plasmid pEC276_2, complete sequence"
GCF_002011965.1_ASM201196v1_genomic,NZ_CP018950.1,35225,plasmid,"NZ_CP018950.1 Escherichia coli strain Ecol_276 plasmid pEC276_3, complete sequence"
GCF_002011965.1_ASM201196v1_genomic,NZ_CP018949.1,16559,plasmid,"NZ_CP018949.1 Escherichia coli strain Ecol_276 plasmid pEC276_KPC, complete sequence"
GCF_002012085.1_ASM201208v1_genomic,NZ_CP018991.1,5434745,chromosome,"NZ_CP018991.1 Escherichia coli strain Ecol_AZ146 chromosome, complete genome"
GCF_002012085.1_ASM201208v1_genomic,NZ_CP018990.1,150994,plasmid,"NZ_CP018990.1 Escherichia coli strain Ecol_AZ146 plasmid pECAZ146_1, complete sequence"
GCF_002012085.1_ASM201208v1_genomic,NZ_CP018988.1,34532,plasmid,"NZ_CP018988.1 Escherichia coli strain Ecol_AZ146 plasmid pECAZ146_3, complete sequence"
GCF_002012085.1_ASM201208v1_genomic,NZ_CP018987.1,6994,plasmid,"NZ_CP018987.1 Escherichia coli strain Ecol_AZ146 plasmid pECAZ146_4, complete sequence"
GCF_002012085.1_ASM201208v1_genomic,NZ_CP018986.1,6075,plasmid,"NZ_CP018986.1 Escherichia coli strain Ecol_AZ146 plasmid pECAZ146_5, complete sequence"
GCF_002012085.1_ASM201208v1_genomic,NZ_CP018985.1,5631,plasmid,"NZ_CP018985.1 Escherichia coli strain Ecol_AZ146 plasmid pECAZ146_6, complete sequence"
GCF_002012085.1_ASM201208v1_genomic,NZ_CP018984.1,2571,plasmid,"NZ_CP018984.1 Escherichia coli strain Ecol_AZ146 plasmid pECAZ146_7, complete sequence"
GCF_002012085.1_ASM201208v1_genomic,NZ_CP018989.1,85865,plasmid,"NZ_CP018989.1 Escherichia coli strain Ecol_AZ146 plasmid pECAZ146_KPC, complete sequence"
GCF_024917455.1_ASM2491745v1_genomic,NZ_CP103592.1,5093976,chromosome,"NZ_CP103592.1 Escherichia coli O25b:H4-ST131 strain 4224 chromosome, complete genome"
GCF_024917455.1_ASM2491745v1_genomic,NZ_CP103593.1,138020,plasmid,"NZ_CP103593.1 Escherichia coli O25b:H4-ST131 strain 4224 plasmid pMB7542_1, complete sequence"
GCF_024917455.1_ASM2491745v1_genomic,NZ_CP103594.1,94615,plasmid,"NZ_CP103594.1 Escherichia coli O25b:H4-ST131 strain 4224 plasmid pMB7542_2, complete sequence"
GCF_024917455.1_ASM2491745v1_genomic,NZ_CP103595.1,5167,plasmid,"NZ_CP103595.1 Escherichia coli O25b:H4-ST131 strain 4224 plasmid pMB7542_3, complete sequence"
GCF_955652485.1_ARM42.1_genomic,NZ_OY019088.1,5159704,chromosome,"NZ_OY019088.1 Escherichia coli O25b:H4-ST131 isolate 42 chromosome C, complete sequence"
GCF_955652485.1_ARM42.1_genomic,NZ_OY019089.1,168227,plasmid,NZ_OY019089.1 Escherichia coli O25b:H4-ST131 isolate 42 plasmid P1
GCF_955652485.1_ARM42.1_genomic,NZ_OY019090.1,100743,plasmid,NZ_OY019090.1 Escherichia coli O25b:H4-ST131 isolate 42 plasmid P2
GCF_030707935.1_ASM3070793v1_genomic,NZ_CP107164.1,5100590,chromosome,"NZ_CP107164.1 Escherichia coli strain R9 chromosome, complete genome"
GCF_030707935.1_ASM3070793v1_genomic,NZ_CP107165.1,110949,plasmid,"NZ_CP107165.1 Escherichia coli strain R9 plasmid pR9-658-1, complete sequence"
GCF_030707935.1_ASM3070793v1_genomic,NZ_CP107166.1,36037,plasmid,"NZ_CP107166.1 Escherichia coli strain R9 plasmid pR9-658-2, complete sequence"
GCF_030707935.1_ASM3070793v1_genomic,NZ_CP107167.1,15472,plasmid,"NZ_CP107167.1 Escherichia coli strain R9 plasmid pR9-658-3, complete sequence"
GCF_030707935.1_ASM3070793v1_genomic,NZ_CP107168.1,4082,plasmid,"NZ_CP107168.1 Escherichia coli strain R9 plasmid pR9-658-4, complete sequence"
GCF_030707935.1_ASM3070793v1_genomic,NZ_CP107169.1,4073,plasmid,"NZ_CP107169.1 Escherichia coli strain R9 plasmid pR9-658-5, complete sequence"
GCF_030707935.1_ASM3070793v1_genomic,NZ_CP107170.1,3373,plasmid,"NZ_CP107170.1 Escherichia coli strain R9 plasmid pR9-658-6, complete sequence"
GCF_030707935.1_ASM3070793v1_genomic,NZ_CP107171.1,1822,plasmid,"NZ_CP107171.1 Escherichia coli strain R9 plasmid pR9-658-7, complete sequence"
GCF_019428605.1_ASM1942860v1_genomic,NZ_CP080120.1,5271974,chromosome,"NZ_CP080120.1 Escherichia coli strain M24 chromosome, complete genome"
GCF_002180195.1_ASM218019v1_genomic,NZ_CP021689.1,4940441,chromosome,"NZ_CP021689.1 Escherichia coli strain AR_0058 chromosome, complete genome"
GCF_002180195.1_ASM218019v1_genomic,NZ_CP021690.1,163045,plasmid,"NZ_CP021690.1 Escherichia coli strain AR_0058 plasmid tig00007555j7554, complete sequence"
GCF_030708155.1_ASM3070815v1_genomic,NZ_CP107117.1,5287038,chromosome,"NZ_CP107117.1 Escherichia coli strain S13 chromosome, complete genome"
GCF_030708155.1_ASM3070815v1_genomic,NZ_CP107118.1,108327,plasmid,"NZ_CP107118.1 Escherichia coli strain S13 plasmid pS13-S6K44-1, complete sequence"
GCF_030708155.1_ASM3070815v1_genomic,NZ_CP107119.1,6896,plasmid,"NZ_CP107119.1 Escherichia coli strain S13 plasmid pS13-S6K44-2, complete sequence"
GCF_029990455.1_ASM2999045v1_genomic,NZ_CP124385.1,5284052,chromosome,"NZ_CP124385.1 Escherichia coli strain AVS0153 chromosome, complete genome"
GCF_029990455.1_ASM2999045v1_genomic,NZ_CP124386.1,108862,plasmid,"NZ_CP124386.1 Escherichia coli strain AVS0153 plasmid pAVS0153-A, complete sequence"
GCF_030708335.1_ASM3070833v1_genomic,NZ_CP107143.1,5118474,chromosome,"NZ_CP107143.1 Escherichia coli strain S2 chromosome, complete genome"
GCF_030708335.1_ASM3070833v1_genomic,NZ_CP107144.1,129206,plasmid,"NZ_CP107144.1 Escherichia coli strain S2 plasmid pS2-S1K81-1, complete sequence"
GCF_030708335.1_ASM3070833v1_genomic,NZ_CP107145.1,111932,plasmid,"NZ_CP107145.1 Escherichia coli strain S2 plasmid pS2-S1K81-2, complete sequence"
GCF_030708335.1_ASM3070833v1_genomic,NZ_CP107146.1,4073,plasmid,"NZ_CP107146.1 Escherichia coli strain S2 plasmid pS2-S1K81-3, complete sequence"
GCF_014168835.1_ASM1416883v1_genomic,NZ_AP021998.1,5016643,chromosome,"NZ_AP021998.1 Escherichia coli strain WP3-W18-ESBL-07 chromosome, complete genome"
GCF_014168835.1_ASM1416883v1_genomic,NZ_AP021999.1,105864,plasmid,"NZ_AP021999.1 Escherichia coli strain WP3-W18-ESBL-07 plasmid pWP3-W18-ESBL-07_1, complete sequence"
GCF_014168835.1_ASM1416883v1_genomic,NZ_AP022000.1,6669,plasmid,"NZ_AP022000.1 Escherichia coli strain WP3-W18-ESBL-07 plasmid pWP3-W18-ESBL-07_2, complete sequence"
GCF_014168835.1_ASM1416883v1_genomic,NZ_AP022001.1,5167,plasmid,"NZ_AP022001.1 Escherichia coli strain WP3-W18-ESBL-07 plasmid pWP3-W18-ESBL-07_3, complete sequence"
GCF_014168835.1_ASM1416883v1_genomic,NZ_AP022002.1,4087,plasmid,"NZ_AP022002.1 Escherichia coli strain WP3-W18-ESBL-07 plasmid pWP3-W18-ESBL-07_4, complete sequence"
GCF_018972225.1_ASM1897222v1_genomic,NZ_CP076689.1,5099831,chromosome,"NZ_CP076689.1 Escherichia coli strain S21EC chromosome, complete genome"
GCF_018972225.1_ASM1897222v1_genomic,NZ_CP076690.1,85614,plasmid,"NZ_CP076690.1 Escherichia coli strain S21EC plasmid pS21EC_A, complete sequence"
GCF_018972225.1_ASM1897222v1_genomic,NZ_CP076692.1,25878,plasmid,NZ_CP076692.1 Escherichia coli strain S21EC plasmid pS21EC_B
GCF_018972225.1_ASM1897222v1_genomic,NZ_CP076691.1,1640,plasmid,"NZ_CP076691.1 Escherichia coli strain S21EC plasmid pS21EC_C, complete sequence"
GCF_029989405.1_ASM2998940v1_genomic,NZ_CP124349.1,5285512,chromosome,"NZ_CP124349.1 Escherichia coli strain AVS0453 chromosome, complete genome"
GCF_029989405.1_ASM2998940v1_genomic,NZ_CP124350.1,105823,plasmid,"NZ_CP124350.1 Escherichia coli strain AVS0453 plasmid pAVS0453-A, complete sequence"
GCF_001513635.1_ASM151363v1_genomic,NZ_CP013835.1,5128614,chromosome,"NZ_CP013835.1 Escherichia coli strain JJ2434 chromosome, complete genome"
GCF_001513635.1_ASM151363v1_genomic,NZ_CP013833.1,126302,plasmid,"NZ_CP013833.1 Escherichia coli strain JJ2434 plasmid pJJ2434_1, complete sequence"
GCF_001513635.1_ASM151363v1_genomic,NZ_CP013834.1,62183,plasmid,"NZ_CP013834.1 Escherichia coli strain JJ2434 plasmid pJJ2434_2, complete sequence"
GCF_900497415.1_ASM90049741v1_genomic,NZ_LS999560.1,5024868,chromosome,"NZ_LS999560.1 Escherichia coli isolate EC-TO143 chromosome 1, complete sequence"
GCF_900497415.1_ASM90049741v1_genomic,NZ_LS999561.1,134692,plasmid,"NZ_LS999561.1 Escherichia coli isolate EC-TO143 plasmid 2, complete sequence"
GCF_900497415.1_ASM90049741v1_genomic,NZ_LS999562.1,102557,plasmid,"NZ_LS999562.1 Escherichia coli isolate EC-TO143 plasmid 3, complete sequence"
GCF_900497415.1_ASM90049741v1_genomic,NZ_LS999563.1,55148,plasmid,"NZ_LS999563.1 Escherichia coli isolate EC-TO143 plasmid 4, complete sequence"
GCF_900497415.1_ASM90049741v1_genomic,NZ_LS999564.1,26531,plasmid,"NZ_LS999564.1 Escherichia coli isolate EC-TO143 plasmid 5, complete sequence"
GCF_019915525.1_ASM1991552v1_genomic,NZ_CP082831.1,5449567,chromosome,"NZ_CP082831.1 Escherichia coli strain SCAID WND1-2021 (1/128) chromosome, complete genome"
GCF_019915525.1_ASM1991552v1_genomic,NZ_CP082832.1,186443,plasmid,"NZ_CP082832.1 Escherichia coli strain SCAID WND1-2021 (1/128) plasmid unnamed, complete sequence"
GCF_016890045.1_ASM1689004v1_genomic,NZ_CP069583.1,5213760,chromosome,"NZ_CP069583.1 Escherichia coli strain FDAARGOS_1265 chromosome, complete genome"
GCF_016890045.1_ASM1689004v1_genomic,NZ_CP069584.1,206267,plasmid,"NZ_CP069584.1 Escherichia coli strain FDAARGOS_1265 plasmid unnamed1, complete sequence"
GCF_016890045.1_ASM1689004v1_genomic,NZ_CP069585.1,5251,plasmid,"NZ_CP069585.1 Escherichia coli strain FDAARGOS_1265 plasmid unnamed2, complete sequence"
GCF_026001205.1_ASM2600120v1_genomic,NZ_AP026794.1,5198889,chromosome,"NZ_AP026794.1 Escherichia coli strain IPCEC48 chromosome, complete genome"
GCF_026001205.1_ASM2600120v1_genomic,NZ_AP026795.1,165477,plasmid,"NZ_AP026795.1 Escherichia coli strain IPCEC48 plasmid pIPCEC48_1, complete sequence"
GCF_026001205.1_ASM2600120v1_genomic,NZ_AP026796.1,60947,plasmid,"NZ_AP026796.1 Escherichia coli strain IPCEC48 plasmid pIPCEC48_2, complete sequence"
GCF_026001205.1_ASM2600120v1_genomic,NZ_AP026797.1,30638,plasmid,"NZ_AP026797.1 Escherichia coli strain IPCEC48 plasmid pIPCEC48_3, complete sequence"
GCF_002763995.1_ASM276399v1_genomic,NZ_CP024720.1,5196957,chromosome,"NZ_CP024720.1 Escherichia coli isolate NQ3 chromosome, complete genome"
GCF_002763995.1_ASM276399v1_genomic,NZ_CP024721.1,111776,plasmid,"NZ_CP024721.1 Escherichia coli isolate NQ3 plasmid p1NQ3, complete sequence"
GCF_002763995.1_ASM276399v1_genomic,NZ_CP024722.1,5167,plasmid,"NZ_CP024722.1 Escherichia coli isolate NQ3 plasmid p2NQ3, complete sequence"
GCF_003571825.1_ASM357182v1_genomic,NZ_CP032265.1,4988092,chromosome,"NZ_CP032265.1 Escherichia coli strain AR_0089 chromosome, complete genome"
GCF_003571825.1_ASM357182v1_genomic,NZ_CP032263.1,155784,plasmid,"NZ_CP032263.1 Escherichia coli strain AR_0089 plasmid unnamed1, complete sequence"
GCF_003571825.1_ASM357182v1_genomic,NZ_CP032264.1,101614,plasmid,"NZ_CP032264.1 Escherichia coli strain AR_0089 plasmid unnamed2, complete sequence"
GCF_024579775.1_ASM2457977v1_genomic,NZ_CP102061.1,5138173,chromosome,"NZ_CP102061.1 Escherichia coli strain C31 chromosome, complete genome"
GCF_024579775.1_ASM2457977v1_genomic,NZ_CP102063.1,41190,plasmid,"NZ_CP102063.1 Escherichia coli strain C31 plasmid pNDM1, complete sequence"
GCF_024579775.1_ASM2457977v1_genomic,NZ_CP102064.1,1546,plasmid,"NZ_CP102064.1 Escherichia coli strain C31 plasmid pC31, complete sequence"
GCF_024579775.1_ASM2457977v1_genomic,NZ_CP102062.1,152865,plasmid,"NZ_CP102062.1 Escherichia coli strain C31 plasmid pMDR31, complete sequence"
GCF_015277555.1_ASM1527755v1_genomic,NZ_CP063774.1,5058045,chromosome,"NZ_CP063774.1 Escherichia coli O25b:H4-ST131 chromosome, complete genome"
GCF_015277555.1_ASM1527755v1_genomic,NZ_CP063775.1,58468,plasmid,"NZ_CP063775.1 Escherichia coli O25b:H4-ST131 plasmid pHK02-1, complete sequence"
GCF_015277555.1_ASM1527755v1_genomic,NZ_CP063776.1,7937,plasmid,"NZ_CP063776.1 Escherichia coli O25b:H4-ST131 plasmid pHK02-2, complete sequence"
GCF_015277555.1_ASM1527755v1_genomic,NZ_CP063777.1,5167,plasmid,"NZ_CP063777.1 Escherichia coli O25b:H4-ST131 plasmid pHK02-3, complete sequence"
GCF_015277555.1_ASM1527755v1_genomic,NZ_CP063778.1,4073,plasmid,"NZ_CP063778.1 Escherichia coli O25b:H4-ST131 plasmid pHK02-4, complete sequence"
GCF_030708215.1_ASM3070821v1_genomic,NZ_CP107126.1,5241944,chromosome,"NZ_CP107126.1 Escherichia coli strain S8 chromosome, complete genome"
GCF_030708215.1_ASM3070821v1_genomic,NZ_CP107127.1,140908,plasmid,"NZ_CP107127.1 Escherichia coli strain S8 plasmid pS8-566, complete sequence"
GCF_030708275.1_ASM3070827v1_genomic,NZ_CP107137.1,5258595,chromosome,"NZ_CP107137.1 Escherichia coli strain S5 chromosome, complete genome"
GCF_030708275.1_ASM3070827v1_genomic,NZ_CP107138.1,158955,plasmid,"NZ_CP107138.1 Escherichia coli strain S5 plasmid pS5-88-1, complete sequence"
GCF_030708275.1_ASM3070827v1_genomic,NZ_CP107139.1,89263,plasmid,"NZ_CP107139.1 Escherichia coli strain S5 plasmid pS5-88-2, complete sequence"
GCF_016939795.1_ASM1693979v1_genomic,NZ_CP070593.1,4960323,chromosome,"NZ_CP070593.1 Escherichia coli strain ESC53083 chromosome, complete genome"
GCF_016939795.1_ASM1693979v1_genomic,NZ_CP070592.1,1549,plasmid,"NZ_CP070592.1 Escherichia coli strain ESC53083 plasmid p53083_1, complete sequence"
GCF_016939795.1_ASM1693979v1_genomic,NZ_CP070591.1,4087,plasmid,"NZ_CP070591.1 Escherichia coli strain ESC53083 plasmid p53083_2, complete sequence"
GCF_016939795.1_ASM1693979v1_genomic,NZ_CP070590.1,101334,plasmid,"NZ_CP070590.1 Escherichia coli strain ESC53083 plasmid p53083_3, complete sequence"
GCF_016939795.1_ASM1693979v1_genomic,NZ_CP070589.1,6895,plasmid,NZ_CP070589.1 Escherichia coli strain ESC53083 plasmid p53083_4
GCF_016939795.1_ASM1693979v1_genomic,NZ_CP070588.1,18779,plasmid,NZ_CP070588.1 Escherichia coli strain ESC53083 plasmid p53083_IncFII
GCF_016939795.1_ASM1693979v1_genomic,NZ_CP070587.1,88947,plasmid,"NZ_CP070587.1 Escherichia coli strain ESC53083 plasmid p53083_KPC, complete sequence"
GCF_002202175.1_ASM220217v1_genomic,NZ_CP021935.1,5141314,chromosome,"NZ_CP021935.1 Escherichia coli strain AR_0055 chromosome, complete genome"
GCF_002202175.1_ASM220217v1_genomic,NZ_CP021936.1,138340,plasmid,"NZ_CP021936.1 Escherichia coli strain AR_0055 plasmid unitig_2, complete sequence"
GCF_002202175.1_ASM220217v1_genomic,NZ_CP021937.1,151110,plasmid,"NZ_CP021937.1 Escherichia coli strain AR_0055 plasmid unitig_3j3rc_linear, complete sequence"
GCF_002202175.1_ASM220217v1_genomic,NZ_CP021938.1,75318,plasmid,"NZ_CP021938.1 Escherichia coli strain AR_0055 plasmid unitig_4, complete sequence"
GCF_001874485.1_ASM187448v1_genomic,NZ_CP015085.1,5289898,chromosome,"NZ_CP015085.1 Escherichia coli O25b:H4 chromosome, complete genome"
GCF_001874485.1_ASM187448v1_genomic,NZ_CP015086.1,130920,plasmid,"NZ_CP015086.1 Escherichia coli O25b:H4 plasmid unnamed, complete sequence"
GCF_001874485.1_ASM187448v1_genomic,NZ_CP015087.1,32764,plasmid,NZ_CP015087.1 Escherichia coli O25b:H4 extrachromosomal
GCF_001874485.1_ASM187448v1_genomic,NZ_CP015088.1,29509,plasmid,NZ_CP015088.1 Escherichia coli O25b:H4 extrachromosomal
GCF_951803545.1_ARM46_genomic,NZ_OX637964.1,5185826,chromosome,"NZ_OX637964.1 Escherichia coli O25b:H4-ST131 isolate 46 chromosome C, complete sequence"
GCF_951803545.1_ARM46_genomic,NZ_OX637965.1,123938,plasmid,NZ_OX637965.1 Escherichia coli O25b:H4-ST131 isolate 46 plasmid P1
GCF_951803545.1_ARM46_genomic,NZ_OX637966.1,74854,plasmid,NZ_OX637966.1 Escherichia coli O25b:H4-ST131 isolate 46 plasmid P2
GCF_951803545.1_ARM46_genomic,NZ_OX637967.1,1552,plasmid,NZ_OX637967.1 Escherichia coli O25b:H4-ST131 isolate 46 plasmid P3
GCF_024917335.1_ASM2491733v1_genomic,NZ_CP103557.1,5341056,chromosome,"NZ_CP103557.1 Escherichia coli O25b:H4-ST131 strain 4993 chromosome, complete genome"
GCF_024917335.1_ASM2491733v1_genomic,NZ_CP103558.1,125598,plasmid,"NZ_CP103558.1 Escherichia coli O25b:H4-ST131 strain 4993 plasmid pMB8413_1, complete sequence"
GCF_029990555.1_ASM2999055v1_genomic,NZ_CP124392.1,4919904,chromosome,"NZ_CP124392.1 Escherichia coli strain AVS0968 chromosome, complete genome"
GCF_029990555.1_ASM2999055v1_genomic,NZ_CP124393.1,135338,plasmid,"NZ_CP124393.1 Escherichia coli strain AVS0968 plasmid pAVS0968-A, complete sequence"
GCF_029990555.1_ASM2999055v1_genomic,NZ_CP124394.1,114821,plasmid,"NZ_CP124394.1 Escherichia coli strain AVS0968 plasmid pAVS0968-B, complete sequence"
GCF_029990555.1_ASM2999055v1_genomic,NZ_CP124395.1,90724,plasmid,"NZ_CP124395.1 Escherichia coli strain AVS0968 plasmid pAVS0968-C, complete sequence"
GCF_029990555.1_ASM2999055v1_genomic,NZ_CP124396.1,37893,plasmid,"NZ_CP124396.1 Escherichia coli strain AVS0968 plasmid pAVS0968-D, complete sequence"
GCF_029990555.1_ASM2999055v1_genomic,NZ_CP124397.1,1549,plasmid,"NZ_CP124397.1 Escherichia coli strain AVS0968 plasmid pAVS0968-E, complete sequence"
GCF_021398995.1_ASM2139899v1_genomic,NZ_CP082775.1,5024072,chromosome,"NZ_CP082775.1 Escherichia coli O25:H4 strain CU568-3 chromosome, complete genome"
GCF_031788295.1_ASM3178829v1_genomic,NZ_CP133927.1,5071871,chromosome,"NZ_CP133927.1 Escherichia coli strain M22546 chromosome, complete genome"
GCF_031788295.1_ASM3178829v1_genomic,NZ_CP133928.1,100835,plasmid,"NZ_CP133928.1 Escherichia coli strain M22546 plasmid pEco_M22546_100, complete sequence"
GCF_031788295.1_ASM3178829v1_genomic,NZ_CP133929.1,62883,plasmid,"NZ_CP133929.1 Escherichia coli strain M22546 plasmid pEco_M22546_62, complete sequence"
GCF_029537195.1_ASM2953719v1_genomic,NZ_CP120633.1,5098635,chromosome,"NZ_CP120633.1 Escherichia coli strain USVAST219 chromosome, complete genome"
GCF_029537195.1_ASM2953719v1_genomic,NZ_CP120634.1,113665,plasmid,"NZ_CP120634.1 Escherichia coli strain USVAST219 plasmid pUSVAST219-1, complete sequence"
GCF_021559875.1_ASM2155987v1_genomic,NZ_CP056114.1,5068795,chromosome,"NZ_CP056114.1 Escherichia coli strain Ec394-330266 chromosome, complete genome"
GCF_021559875.1_ASM2155987v1_genomic,NZ_CP056115.1,128537,plasmid,"NZ_CP056115.1 Escherichia coli strain Ec394-330266 plasmid pEC394-330266_128, complete sequence"
GCF_021559875.1_ASM2155987v1_genomic,NZ_CP056116.1,1550,plasmid,"NZ_CP056116.1 Escherichia coli strain Ec394-330266 plasmid pEC394-330266_2, complete sequence"
GCF_029989825.1_ASM2998982v1_genomic,NZ_CP124353.1,5284087,chromosome,"NZ_CP124353.1 Escherichia coli strain AVS0226 chromosome, complete genome"
GCF_029989825.1_ASM2998982v1_genomic,NZ_CP124354.1,108889,plasmid,"NZ_CP124354.1 Escherichia coli strain AVS0226 plasmid pAVS0226-A, complete sequence"
GCF_030039225.1_ASM3003922v1_genomic,NZ_CP124420.1,5017462,chromosome,"NZ_CP124420.1 Escherichia coli strain AVS0155 chromosome, complete genome"
GCF_030039225.1_ASM3003922v1_genomic,NZ_CP124421.1,127206,plasmid,"NZ_CP124421.1 Escherichia coli strain AVS0155 plasmid pAVS0155-A, complete sequence"
GCF_030039225.1_ASM3003922v1_genomic,NZ_CP124422.1,5167,plasmid,"NZ_CP124422.1 Escherichia coli strain AVS0155 plasmid pAVS0155-B, complete sequence"
GCF_030039225.1_ASM3003922v1_genomic,NZ_CP124423.1,1549,plasmid,"NZ_CP124423.1 Escherichia coli strain AVS0155 plasmid pAVS0155-C, complete sequence"
GCF_030707955.1_ASM3070795v1_genomic,NZ_CP107172.1,5096686,chromosome,"NZ_CP107172.1 Escherichia coli strain R8 chromosome, complete genome"
GCF_030707955.1_ASM3070795v1_genomic,NZ_CP107173.1,149268,plasmid,"NZ_CP107173.1 Escherichia coli strain R8 plasmid pR8-318, complete sequence"
GCF_004299805.1_ASM429980v1_genomic,NZ_CP036245.1,5187769,chromosome,"NZ_CP036245.1 Escherichia coli strain S65EC chromosome, complete genome"
GCF_004299805.1_ASM429980v1_genomic,NZ_CP036244.1,146792,plasmid,"NZ_CP036244.1 Escherichia coli strain S65EC plasmid pS65EC, complete sequence"
GCF_011331215.2_ASM1133121v2_genomic,NZ_CP049085.2,5255749,chromosome,"NZ_CP049085.2 Escherichia coli strain p4A chromosome, complete genome"
GCF_006088875.1_ASM608887v1_genomic,NZ_CP029420.1,4910422,chromosome,"NZ_CP029420.1 Escherichia coli strain 3385 chromosome, complete genome"
GCF_006088875.1_ASM608887v1_genomic,NZ_CP029421.1,101340,plasmid,"NZ_CP029421.1 Escherichia coli strain 3385 plasmid unnamed1, complete sequence"
GCF_006088875.1_ASM608887v1_genomic,NZ_CP029422.1,89323,plasmid,"NZ_CP029422.1 Escherichia coli strain 3385 plasmid unnamed2, complete sequence"
GCF_029990415.1_ASM2999041v1_genomic,NZ_CP124374.1,5151251,chromosome,"NZ_CP124374.1 Escherichia coli strain AVS0578 chromosome, complete genome"
GCF_029990415.1_ASM2999041v1_genomic,NZ_CP124375.1,99789,plasmid,NZ_CP124375.1 Escherichia coli strain AVS0578 plasmid unnamed
GCF_029990415.1_ASM2999041v1_genomic,NZ_CP124376.1,94894,plasmid,"NZ_CP124376.1 Escherichia coli strain AVS0578 plasmid pAVS0578-B, complete sequence"
GCF_029990415.1_ASM2999041v1_genomic,NZ_CP124377.1,72619,plasmid,"NZ_CP124377.1 Escherichia coli strain AVS0578 plasmid pAVS0578-C, complete sequence"
GCF_029990415.1_ASM2999041v1_genomic,NZ_CP124378.1,5716,plasmid,"NZ_CP124378.1 Escherichia coli strain AVS0578 plasmid pAVS0578-D, complete sequence"
GCF_029990415.1_ASM2999041v1_genomic,NZ_CP124379.1,5630,plasmid,"NZ_CP124379.1 Escherichia coli strain AVS0578 plasmid pAVS0578-E, complete sequence"
GCF_029990415.1_ASM2999041v1_genomic,NZ_CP124380.1,5164,plasmid,"NZ_CP124380.1 Escherichia coli strain AVS0578 plasmid pAVS0578-F, complete sequence"
GCF_029990415.1_ASM2999041v1_genomic,NZ_CP124381.1,4072,plasmid,"NZ_CP124381.1 Escherichia coli strain AVS0578 plasmid pAVS0578-G, complete sequence"
GCF_029990415.1_ASM2999041v1_genomic,NZ_CP124382.1,4064,plasmid,"NZ_CP124382.1 Escherichia coli strain AVS0578 plasmid pAVS0578-H, complete sequence"
GCF_029990415.1_ASM2999041v1_genomic,NZ_CP124383.1,2101,plasmid,"NZ_CP124383.1 Escherichia coli strain AVS0578 plasmid pAVS0578-i, complete sequence"
GCF_029990415.1_ASM2999041v1_genomic,NZ_CP124384.1,1822,plasmid,"NZ_CP124384.1 Escherichia coli strain AVS0578 plasmid pAVS0578-j, complete sequence"
GCF_024917895.1_ASM2491789v1_genomic,NZ_CP103508.1,4999416,chromosome,"NZ_CP103508.1 Escherichia coli O25b:H4-ST131 strain 5506 chromosome, complete genome"
GCF_024917895.1_ASM2491789v1_genomic,NZ_CP103509.1,111292,plasmid,"NZ_CP103509.1 Escherichia coli O25b:H4-ST131 strain 5506 plasmid pMB9366_1, complete sequence"
GCF_024917895.1_ASM2491789v1_genomic,NZ_CP103510.1,63298,plasmid,"NZ_CP103510.1 Escherichia coli O25b:H4-ST131 strain 5506 plasmid pMB9366_2, complete sequence"
GCF_024917895.1_ASM2491789v1_genomic,NZ_CP103511.1,5165,plasmid,"NZ_CP103511.1 Escherichia coli O25b:H4-ST131 strain 5506 plasmid pMB9366_3, complete sequence"
GCF_003288455.1_ASM328845v1_genomic,NZ_CP030337.1,4989783,chromosome,"NZ_CP030337.1 Escherichia coli strain AR_451 chromosome, complete genome"
GCF_003288455.1_ASM328845v1_genomic,NZ_CP030335.1,75281,plasmid,"NZ_CP030335.1 Escherichia coli strain AR_451 plasmid unnamed1, complete sequence"
GCF_003288455.1_ASM328845v1_genomic,NZ_CP030340.1,34927,plasmid,NZ_CP030340.1 Escherichia coli strain AR_451 plasmid unnamed2
GCF_003288455.1_ASM328845v1_genomic,NZ_CP030339.1,35509,plasmid,NZ_CP030339.1 Escherichia coli strain AR_451 plasmid unnamed3
GCF_003288455.1_ASM328845v1_genomic,NZ_CP030336.1,16907,plasmid,NZ_CP030336.1 Escherichia coli strain AR_451 plasmid unnamed4
GCF_003288455.1_ASM328845v1_genomic,NZ_CP030338.1,1549,plasmid,"NZ_CP030338.1 Escherichia coli strain AR_451 plasmid unnamed5, complete sequence"
GCF_003288455.1_ASM328845v1_genomic,NZ_CP030333.1,4082,plasmid,"NZ_CP030333.1 Escherichia coli strain AR_451 plasmid unnamed6, complete sequence"
GCF_003288455.1_ASM328845v1_genomic,NZ_CP030334.1,7588,plasmid,NZ_CP030334.1 Escherichia coli strain AR_451 plasmid unnamed7
GCF_001513615.1_ASM151361v1_genomic,NZ_CP013831.1,5073822,chromosome,"NZ_CP013831.1 Escherichia coli strain CD306 chromosome, complete genome"
GCF_001513615.1_ASM151361v1_genomic,NZ_CP013832.1,145221,plasmid,"NZ_CP013832.1 Escherichia coli strain CD306 plasmid pCD306, complete sequence"
GCF_002012265.1_ASM201226v1_genomic,NZ_CP019012.1,4911496,chromosome,"NZ_CP019012.1 Escherichia coli strain Ecol_AZ161 chromosome, complete genome"
GCF_002012265.1_ASM201226v1_genomic,NZ_CP019011.1,74891,plasmid,"NZ_CP019011.1 Escherichia coli strain Ecol_AZ161 plasmid pECAZ161_1, complete sequence"
GCF_002012265.1_ASM201226v1_genomic,NZ_CP019009.1,130905,plasmid,"NZ_CP019009.1 Escherichia coli strain Ecol_AZ161 plasmid pECAZ161_3, complete sequence"
GCF_002012265.1_ASM201226v1_genomic,NZ_CP019010.1,55746,plasmid,"NZ_CP019010.1 Escherichia coli strain Ecol_AZ161 plasmid pECAZ161_KPC, complete sequence"
GCF_029990495.1_ASM2999049v1_genomic,NZ_CP124387.1,5038283,chromosome,"NZ_CP124387.1 Escherichia coli strain AVS0972 chromosome, complete genome"
GCF_029990495.1_ASM2999049v1_genomic,NZ_CP124388.1,103452,plasmid,"NZ_CP124388.1 Escherichia coli strain AVS0972 plasmid pAVS0972-A, complete sequence"
GCF_029990495.1_ASM2999049v1_genomic,NZ_CP124389.1,34433,plasmid,"NZ_CP124389.1 Escherichia coli strain AVS0972 plasmid pAVS0972-B, complete sequence"
GCF_029990495.1_ASM2999049v1_genomic,NZ_CP124390.1,5167,plasmid,"NZ_CP124390.1 Escherichia coli strain AVS0972 plasmid pAVS0972-C, complete sequence"
GCF_029990495.1_ASM2999049v1_genomic,NZ_CP124391.1,1549,plasmid,"NZ_CP124391.1 Escherichia coli strain AVS0972 plasmid pAVS0972-D, complete sequence"
GCF_003856655.1_ASM385665v1_genomic,NZ_CP023826.1,5129468,chromosome,"NZ_CP023826.1 Escherichia coli strain 4/4 chromosome, complete genome"
GCF_003856655.1_ASM385665v1_genomic,NZ_CP023827.1,125877,plasmid,"NZ_CP023827.1 Escherichia coli strain 4/4 plasmid p4_4.1, complete sequence"
GCF_003856655.1_ASM385665v1_genomic,NZ_CP023828.1,67839,plasmid,"NZ_CP023828.1 Escherichia coli strain 4/4 plasmid p4_4.2, complete sequence"
GCF_003856655.1_ASM385665v1_genomic,NZ_CP023829.1,33067,plasmid,"NZ_CP023829.1 Escherichia coli strain 4/4 plasmid p4_4.3, complete sequence"
GCF_003856655.1_ASM385665v1_genomic,NZ_CP023830.1,7939,plasmid,"NZ_CP023830.1 Escherichia coli strain 4/4 plasmid p4_4.4, complete sequence"
GCF_003856655.1_ASM385665v1_genomic,NZ_CP023831.1,5167,plasmid,"NZ_CP023831.1 Escherichia coli strain 4/4 plasmid p4_4.5, complete sequence"
GCF_003856655.1_ASM385665v1_genomic,NZ_CP023832.1,4087,plasmid,"NZ_CP023832.1 Escherichia coli strain 4/4 plasmid p4_4.6, complete sequence"
GCF_003856655.1_ASM385665v1_genomic,NZ_CP023833.1,4072,plasmid,"NZ_CP023833.1 Escherichia coli strain 4/4 plasmid p4_4.7, complete sequence"
GCF_014217135.1_ASM1421713v1_genomic,NZ_CP051609.1,5065981,chromosome,"NZ_CP051609.1 Escherichia coli O25b:H4-ST131 strain 2019_APHA chromosome, complete genome"
GCF_014217135.1_ASM1421713v1_genomic,NZ_CP051610.1,113351,plasmid,NZ_CP051610.1 Escherichia coli O25b:H4-ST131 strain 2019_APHA plasmid pAPHA_2019
GCF_014217135.1_ASM1421713v1_genomic,NZ_CP051611.1,5775,plasmid,"NZ_CP051611.1 Escherichia coli O25b:H4-ST131 strain 2019_APHA plasmid pAPHA_2019_2, complete sequence"
GCF_014217135.1_ASM1421713v1_genomic,NZ_CP051612.1,1907,plasmid,"NZ_CP051612.1 Escherichia coli O25b:H4-ST131 strain 2019_APHA plasmid pAPHA_2019_3, complete sequence"
GCF_014217135.1_ASM1421713v1_genomic,NZ_CP051613.1,1808,plasmid,"NZ_CP051613.1 Escherichia coli O25b:H4-ST131 strain 2019_APHA plasmid pAPHA_2019_4, complete sequence"
GCF_014217135.1_ASM1421713v1_genomic,NZ_CP051614.1,1549,plasmid,"NZ_CP051614.1 Escherichia coli O25b:H4-ST131 strain 2019_APHA plasmid pAPHA_2019_5, complete sequence"
GCF_011330935.2_ASM1133093v2_genomic,NZ_CP049077.2,5295151,chromosome,"NZ_CP049077.2 Escherichia coli strain p11A chromosome, complete genome"
GCF_011330935.2_ASM1133093v2_genomic,NZ_CP049078.2,70739,plasmid,"NZ_CP049078.2 Escherichia coli strain p11A plasmid p11A_p1, complete sequence"
GCF_011330935.2_ASM1133093v2_genomic,NZ_CP049079.2,180962,plasmid,"NZ_CP049079.2 Escherichia coli strain p11A plasmid p11A_p2, complete sequence"
GCF_030037975.1_ASM3003797v1_genomic,NZ_CP124455.1,5163545,chromosome,"NZ_CP124455.1 Escherichia coli strain AVS0193 chromosome, complete genome"
GCF_030037975.1_ASM3003797v1_genomic,NZ_CP124456.1,146449,plasmid,"NZ_CP124456.1 Escherichia coli strain AVS0193 plasmid pAVS0193-A, complete sequence"
GCF_030037975.1_ASM3003797v1_genomic,NZ_CP124457.1,5167,plasmid,"NZ_CP124457.1 Escherichia coli strain AVS0193 plasmid pAVS0193-B, complete sequence"
GCF_030037975.1_ASM3003797v1_genomic,NZ_CP124458.1,4087,plasmid,"NZ_CP124458.1 Escherichia coli strain AVS0193 plasmid pAVS0193-C, complete sequence"
GCF_030037975.1_ASM3003797v1_genomic,NZ_CP124459.1,1306,plasmid,"NZ_CP124459.1 Escherichia coli strain AVS0193 plasmid pAVS0193-D, complete sequence"
GCF_001566635.1_ASM156663v1_genomic,NZ_CP014488.1,4897758,chromosome,"NZ_CP014488.1 Escherichia coli strain G749 chromosome, complete genome"
GCF_001566635.1_ASM156663v1_genomic,NZ_CP014489.1,149732,plasmid,"NZ_CP014489.1 Escherichia coli strain G749 plasmid pG749_1, complete sequence"
GCF_001566635.1_ASM156663v1_genomic,NZ_CP014490.1,109910,plasmid,"NZ_CP014490.1 Escherichia coli strain G749 plasmid pG749_2, complete sequence"
GCF_001566635.1_ASM156663v1_genomic,NZ_CP014491.1,62572,plasmid,"NZ_CP014491.1 Escherichia coli strain G749 plasmid pG749_3, complete sequence"
GCF_014169095.1_ASM1416909v1_genomic,NZ_AP022064.1,4972339,chromosome,"NZ_AP022064.1 Escherichia coli strain WP4-W18-ESBL-08 chromosome, complete genome"
GCF_014169095.1_ASM1416909v1_genomic,NZ_AP022065.1,134864,plasmid,"NZ_AP022065.1 Escherichia coli strain WP4-W18-ESBL-08 plasmid pWP4-W18-ESBL-08_1, complete sequence"
GCF_014169095.1_ASM1416909v1_genomic,NZ_AP022066.1,95805,plasmid,"NZ_AP022066.1 Escherichia coli strain WP4-W18-ESBL-08 plasmid pWP4-W18-ESBL-08_2, complete sequence"
GCF_014169095.1_ASM1416909v1_genomic,NZ_AP022067.1,5167,plasmid,"NZ_AP022067.1 Escherichia coli strain WP4-W18-ESBL-08 plasmid pWP4-W18-ESBL-08_3, complete sequence"
GCF_014169095.1_ASM1416909v1_genomic,NZ_AP022068.1,4087,plasmid,"NZ_AP022068.1 Escherichia coli strain WP4-W18-ESBL-08 plasmid pWP4-W18-ESBL-08_4, complete sequence"
GCF_003571665.1_ASM357166v1_genomic,NZ_CP032201.1,5107215,chromosome,"NZ_CP032201.1 Escherichia coli strain AR_0086 chromosome, complete genome"
GCF_003571665.1_ASM357166v1_genomic,NZ_CP032202.1,140509,plasmid,"NZ_CP032202.1 Escherichia coli strain AR_0086 plasmid unnamed1, complete sequence"
GCF_003571665.1_ASM357166v1_genomic,NZ_CP032203.1,41865,plasmid,"NZ_CP032203.1 Escherichia coli strain AR_0086 plasmid unnamed2, complete sequence"
GCF_001577325.1_ASM157732v1_genomic,NZ_CP014522.1,5033359,chromosome,"NZ_CP014522.1 Escherichia coli strain ZH063 chromosome, complete genome"
GCF_001577325.1_ASM157732v1_genomic,NZ_CP014523.1,114223,plasmid,"NZ_CP014523.1 Escherichia coli strain ZH063 plasmid pZH063_1, complete sequence"
GCF_001577325.1_ASM157732v1_genomic,NZ_CP014524.1,49467,plasmid,"NZ_CP014524.1 Escherichia coli strain ZH063 plasmid pZH063_2, complete sequence"
GCF_013372325.1_ASM1337232v1_genomic,NZ_CP054219.1,5010549,chromosome,"NZ_CP054219.1 Escherichia coli strain EcPF18 chromosome, complete genome"
GCF_013372325.1_ASM1337232v1_genomic,NZ_CP054220.1,128954,plasmid,"NZ_CP054220.1 Escherichia coli strain EcPF18 plasmid p1, complete sequence"
GCF_013372325.1_ASM1337232v1_genomic,NZ_CP054221.1,86740,plasmid,"NZ_CP054221.1 Escherichia coli strain EcPF18 plasmid p2, complete sequence"
GCF_013372325.1_ASM1337232v1_genomic,NZ_CP054222.1,5167,plasmid,"NZ_CP054222.1 Escherichia coli strain EcPF18 plasmid p3, complete sequence"
GCF_013372325.1_ASM1337232v1_genomic,NZ_CP054223.1,1506,plasmid,"NZ_CP054223.1 Escherichia coli strain EcPF18 plasmid p4, complete sequence"
GCF_030707995.1_ASM3070799v1_genomic,NZ_CP107178.1,5297994,chromosome,"NZ_CP107178.1 Escherichia coli strain R6 chromosome, complete genome"
GCF_030707995.1_ASM3070799v1_genomic,NZ_CP107179.1,150400,plasmid,"NZ_CP107179.1 Escherichia coli strain R6 plasmid pR6-1255-1, complete sequence"
GCF_030707995.1_ASM3070799v1_genomic,NZ_CP107180.1,88703,plasmid,"NZ_CP107180.1 Escherichia coli strain R6 plasmid pR6-1255-2, complete sequence"
GCF_030707995.1_ASM3070799v1_genomic,NZ_CP107181.1,38151,plasmid,"NZ_CP107181.1 Escherichia coli strain R6 plasmid pR6-1255-3, complete sequence"
GCF_029989625.1_ASM2998962v1_genomic,NZ_CP124351.1,5285097,chromosome,"NZ_CP124351.1 Escherichia coli strain AVS0362 chromosome, complete genome"
GCF_029989625.1_ASM2998962v1_genomic,NZ_CP124352.1,105909,plasmid,"NZ_CP124352.1 Escherichia coli strain AVS0362 plasmid pAVS0362-A, complete sequence"
GCF_030707915.1_ASM3070791v1_genomic,NZ_CP107162.1,5128182,chromosome,"NZ_CP107162.1 Escherichia coli strain R10 chromosome, complete genome"
GCF_030707915.1_ASM3070791v1_genomic,NZ_CP107163.1,138672,plasmid,"NZ_CP107163.1 Escherichia coli strain R10 plasmid pR10-S4K79, complete sequence"
GCF_026968105.1_ASM2696810v1_genomic,NZ_JAPVBX010000001.1,5015183,chromosome,"NZ_JAPVBX010000001.1 Escherichia coli strain KE21 chromosome, whole genome shotgun sequence"
GCF_026968105.1_ASM2696810v1_genomic,NZ_JAPVBX010000002.1,113382,plasmid,"NZ_JAPVBX010000002.1 Escherichia coli strain KE21 plasmid unnamed1, whole genome shotgun sequence"
GCF_026968105.1_ASM2696810v1_genomic,NZ_JAPVBX010000003.1,15472,plasmid,"NZ_JAPVBX010000003.1 Escherichia coli strain KE21 plasmid unnamed2, whole genome shotgun sequence"
GCF_900520395.1_ASM90052039v1_genomic,NZ_LS992190.1,5124666,chromosome,"NZ_LS992190.1 Escherichia coli isolate Escherichia coli str. TO148 chromosome 1, complete sequence"
GCF_900520395.1_ASM90052039v1_genomic,NZ_LS992191.1,133139,plasmid,"NZ_LS992191.1 Escherichia coli isolate Escherichia coli str. TO148 plasmid 2, complete sequence"
GCF_003856695.1_ASM385669v1_genomic,NZ_CP023844.1,5144480,chromosome,"NZ_CP023844.1 Escherichia coli strain 4/1-1 chromosome, complete genome"
GCF_003856695.1_ASM385669v1_genomic,NZ_CP023845.1,181324,plasmid,"NZ_CP023845.1 Escherichia coli strain 4/1-1 plasmid p4_1_1.1, complete sequence"
GCF_003856695.1_ASM385669v1_genomic,NZ_CP023846.1,33067,plasmid,"NZ_CP023846.1 Escherichia coli strain 4/1-1 plasmid p4_1_1.2, complete sequence"
GCF_003856695.1_ASM385669v1_genomic,NZ_CP023847.1,7939,plasmid,"NZ_CP023847.1 Escherichia coli strain 4/1-1 plasmid p4_1_1.3, complete sequence"
GCF_003856695.1_ASM385669v1_genomic,NZ_CP023848.1,5167,plasmid,"NZ_CP023848.1 Escherichia coli strain 4/1-1 plasmid p4_1_1.4, complete sequence"
GCF_000493755.1_ASM49375v1_genomic,NC_022648.1,5129938,chromosome,"NC_022648.1 Escherichia coli JJ1886, complete sequence"
GCF_000493755.1_ASM49375v1_genomic,NC_022661.1,1552,plasmid,"NC_022661.1 Escherichia coli JJ1886 plasmid pJJ1886_1, complete sequence"
GCF_000493755.1_ASM49375v1_genomic,NC_022649.1,5167,plasmid,"NC_022649.1 Escherichia coli JJ1886 plasmid pJJ1886_2, complete sequence"
GCF_000493755.1_ASM49375v1_genomic,NC_022662.1,5631,plasmid,"NC_022662.1 Escherichia coli JJ1886 plasmid pJJ1886_3, complete sequence"
GCF_000493755.1_ASM49375v1_genomic,NC_022650.1,55956,plasmid,"NC_022650.1 Escherichia coli JJ1886 plasmid pJJ1886_4, complete sequence"
GCF_000493755.1_ASM49375v1_genomic,NC_022651.1,110040,plasmid,"NC_022651.1 Escherichia coli JJ1886 plasmid pJJ1886_5, complete sequence"
GCF_014217155.1_ASM1421715v1_genomic,NZ_CP051615.1,4988271,chromosome,"NZ_CP051615.1 Escherichia coli O25b:H4-ST131 strain 2017_APHA chromosome, complete genome"
GCF_014217155.1_ASM1421715v1_genomic,NZ_CP051616.1,134872,plasmid,"NZ_CP051616.1 Escherichia coli O25b:H4-ST131 strain 2017_APHA plasmid pAPHA_2017_1, complete sequence"
GCF_014217155.1_ASM1421715v1_genomic,NZ_CP051617.1,8554,plasmid,"NZ_CP051617.1 Escherichia coli O25b:H4-ST131 strain 2017_APHA plasmid pAPHA_2017_2, complete sequence"
GCF_014217155.1_ASM1421715v1_genomic,NZ_CP051618.1,5631,plasmid,"NZ_CP051618.1 Escherichia coli O25b:H4-ST131 strain 2017_APHA plasmid pAPHA_2017_3, complete sequence"
GCF_014217155.1_ASM1421715v1_genomic,NZ_CP051619.1,5167,plasmid,"NZ_CP051619.1 Escherichia coli O25b:H4-ST131 strain 2017_APHA plasmid pAPHA_2017_4, complete sequence"
GCF_014217155.1_ASM1421715v1_genomic,NZ_CP051620.1,1549,plasmid,"NZ_CP051620.1 Escherichia coli O25b:H4-ST131 strain 2017_APHA plasmid pAPHA_2017_5, complete sequence"
GCF_029990375.1_ASM2999037v1_genomic,NZ_CP124372.1,5273087,chromosome,"NZ_CP124372.1 Escherichia coli strain AVS0151 chromosome, complete genome"
GCF_029990375.1_ASM2999037v1_genomic,NZ_CP124373.1,150420,plasmid,"NZ_CP124373.1 Escherichia coli strain AVS0151 plasmid pAVS0151-A, complete sequence"
GCF_014169015.1_ASM1416901v1_genomic,NZ_AP022044.1,5040845,chromosome,"NZ_AP022044.1 Escherichia coli strain WP4-S17-ESBL-03 chromosome, complete genome"
GCF_014169015.1_ASM1416901v1_genomic,NZ_AP022045.1,148598,plasmid,"NZ_AP022045.1 Escherichia coli strain WP4-S17-ESBL-03 plasmid pWP4-S17-ESBL-03_1, complete sequence"
GCF_014169015.1_ASM1416901v1_genomic,NZ_AP022046.1,5210,plasmid,"NZ_AP022046.1 Escherichia coli strain WP4-S17-ESBL-03 plasmid pWP4-S17-ESBL-03_2, complete sequence"
GCF_014169015.1_ASM1416901v1_genomic,NZ_AP022047.1,5167,plasmid,"NZ_AP022047.1 Escherichia coli strain WP4-S17-ESBL-03 plasmid pWP4-S17-ESBL-03_3, complete sequence"
GCF_014169015.1_ASM1416901v1_genomic,NZ_AP022048.1,3372,plasmid,"NZ_AP022048.1 Escherichia coli strain WP4-S17-ESBL-03 plasmid pWP4-S17-ESBL-03_4, complete sequence"
GCF_019428525.1_ASM1942852v1_genomic,NZ_CP080116.1,5112272,chromosome,"NZ_CP080116.1 Escherichia coli strain Dog168 chromosome, complete genome"
GCF_004141955.1_ASM414195v1_genomic,NZ_CP035476.1,5018242,chromosome,"NZ_CP035476.1 Escherichia coli strain U12A chromosome, complete genome"
GCF_004141955.1_ASM414195v1_genomic,NZ_CP035468.1,151747,plasmid,"NZ_CP035468.1 Escherichia coli strain U12A plasmid pU12A_A, complete sequence"
GCF_004141955.1_ASM414195v1_genomic,NZ_CP035469.1,87354,plasmid,"NZ_CP035469.1 Escherichia coli strain U12A plasmid pU12A_B, complete sequence"
GCF_004141955.1_ASM414195v1_genomic,NZ_CP035470.1,69518,plasmid,"NZ_CP035470.1 Escherichia coli strain U12A plasmid pU12A_C, complete sequence"
GCF_004141955.1_ASM414195v1_genomic,NZ_CP035471.1,37447,plasmid,"NZ_CP035471.1 Escherichia coli strain U12A plasmid pU12A_D, complete sequence"
GCF_004141955.1_ASM414195v1_genomic,NZ_CP035472.1,5209,plasmid,"NZ_CP035472.1 Escherichia coli strain U12A plasmid pU12A_E, complete sequence"
GCF_004141955.1_ASM414195v1_genomic,NZ_CP035473.1,8166,plasmid,"NZ_CP035473.1 Escherichia coli strain U12A plasmid pU12A_F, complete sequence"
GCF_004141955.1_ASM414195v1_genomic,NZ_CP035474.1,5632,plasmid,"NZ_CP035474.1 Escherichia coli strain U12A plasmid pU12A_G, complete sequence"
GCF_004141955.1_ASM414195v1_genomic,NZ_CP035475.1,1506,plasmid,"NZ_CP035475.1 Escherichia coli strain U12A plasmid pU12A_H, complete sequence"
GCF_004135915.1_ASM413591v1_genomic,NZ_CP035516.1,5061272,chromosome,"NZ_CP035516.1 Escherichia coli strain U14A chromosome, complete genome"
GCF_004135915.1_ASM413591v1_genomic,NZ_CP035517.1,149317,plasmid,"NZ_CP035517.1 Escherichia coli strain U14A plasmid pU14A_A, complete sequence"
GCF_004135915.1_ASM413591v1_genomic,NZ_CP035518.1,69473,plasmid,"NZ_CP035518.1 Escherichia coli strain U14A plasmid pU14A_B, complete sequence"
GCF_004135915.1_ASM413591v1_genomic,NZ_CP035519.1,5209,plasmid,"NZ_CP035519.1 Escherichia coli strain U14A plasmid pU14A_C, complete sequence"
GCF_004135915.1_ASM413591v1_genomic,NZ_CP035520.1,8166,plasmid,"NZ_CP035520.1 Escherichia coli strain U14A plasmid pU14A_D, complete sequence"
GCF_004135915.1_ASM413591v1_genomic,NZ_CP035521.1,5632,plasmid,"NZ_CP035521.1 Escherichia coli strain U14A plasmid pU14A_E, complete sequence"
GCF_004135915.1_ASM413591v1_genomic,NZ_CP035522.1,1506,plasmid,"NZ_CP035522.1 Escherichia coli strain U14A plasmid pU14A_F, complete sequence"
GCF_003856995.1_ASM385699v1_genomic,NZ_CP022730.1,4828837,chromosome,"NZ_CP022730.1 Escherichia coli strain SA186 chromosome, complete genome"
GCF_003856995.1_ASM385699v1_genomic,NZ_CP022731.1,198748,plasmid,"NZ_CP022731.1 Escherichia coli strain SA186 plasmid pSA186_2, complete sequence"
GCF_003856995.1_ASM385699v1_genomic,NZ_CP022732.1,113162,plasmid,"NZ_CP022732.1 Escherichia coli strain SA186 plasmid pSA186_3, complete sequence"
GCF_003856995.1_ASM385699v1_genomic,NZ_CP022733.1,96658,plasmid,"NZ_CP022733.1 Escherichia coli strain SA186 plasmid pSA186_4, complete sequence"
GCF_003856995.1_ASM385699v1_genomic,NZ_CP022734.1,106936,plasmid,"NZ_CP022734.1 Escherichia coli strain SA186 plasmid pSA186_5, complete sequence"
GCF_003856995.1_ASM385699v1_genomic,NZ_CP022735.1,241600,plasmid,"NZ_CP022735.1 Escherichia coli strain SA186 plasmid pSA186_MCR1, complete sequence"
GCF_018972245.1_ASM1897224v1_genomic,NZ_CP076697.1,5052030,chromosome,"NZ_CP076697.1 Escherichia coli strain S10EC chromosome, complete genome"
GCF_018972245.1_ASM1897224v1_genomic,NZ_CP076699.1,102381,plasmid,"NZ_CP076699.1 Escherichia coli strain S10EC plasmid pS10EC_A, complete sequence"
GCF_018972245.1_ASM1897224v1_genomic,NZ_CP076698.1,34316,plasmid,"NZ_CP076698.1 Escherichia coli strain S10EC plasmid pS10EC_B, complete sequence"
GCF_018972245.1_ASM1897224v1_genomic,NZ_CP076700.1,1546,plasmid,"NZ_CP076700.1 Escherichia coli strain S10EC plasmid pS10EC_C, complete sequence"
GCF_024918415.1_ASM2491841v1_genomic,NZ_CP103672.1,5386924,chromosome,"NZ_CP103672.1 Escherichia coli O25b:H4-ST131 strain 4433 chromosome, complete genome"
GCF_024917975.1_ASM2491797v1_genomic,NZ_CP103562.1,5211978,chromosome,"NZ_CP103562.1 Escherichia coli O25b:H4-ST131 strain 751 chromosome, complete genome"
GCF_024917975.1_ASM2491797v1_genomic,NZ_CP103563.1,241084,plasmid,"NZ_CP103563.1 Escherichia coli O25b:H4-ST131 strain 751 plasmid pMB8236_1, complete sequence"
GCF_024917975.1_ASM2491797v1_genomic,NZ_CP103564.1,37348,plasmid,"NZ_CP103564.1 Escherichia coli O25b:H4-ST131 strain 751 plasmid pMB8236_2, complete sequence"
GCF_024917975.1_ASM2491797v1_genomic,NZ_CP103565.1,2101,plasmid,"NZ_CP103565.1 Escherichia coli O25b:H4-ST131 strain 751 plasmid pMB8236_3, complete sequence"
GCF_024917975.1_ASM2491797v1_genomic,NZ_CP103566.1,1902,plasmid,"NZ_CP103566.1 Escherichia coli O25b:H4-ST131 strain 751 plasmid pMB8236_4, complete sequence"
GCF_030037615.1_ASM3003761v1_genomic,NZ_CP124467.1,4893409,chromosome,"NZ_CP124467.1 Escherichia coli strain AVS0747 chromosome, complete genome"
GCF_030037615.1_ASM3003761v1_genomic,NZ_CP124468.1,109429,plasmid,"NZ_CP124468.1 Escherichia coli strain AVS0747 plasmid pAVS0747-A, complete sequence"
GCF_030037615.1_ASM3003761v1_genomic,NZ_CP124469.1,105196,plasmid,"NZ_CP124469.1 Escherichia coli strain AVS0747 plasmid pAVS0747-B, complete sequence"
GCF_030037615.1_ASM3003761v1_genomic,NZ_CP124470.1,4287,plasmid,"NZ_CP124470.1 Escherichia coli strain AVS0747 plasmid pAVS0747-C, complete sequence"
GCF_019428565.1_ASM1942856v1_genomic,NZ_CP080118.1,5168848,chromosome,"NZ_CP080118.1 Escherichia coli strain M70 chromosome, complete genome"
GCF_002012065.1_ASM201206v1_genomic,NZ_CP018979.1,5228864,chromosome,"NZ_CP018979.1 Escherichia coli strain Ecol_656 chromosome, complete genome"
GCF_002012065.1_ASM201206v1_genomic,NZ_CP018978.1,117844,plasmid,"NZ_CP018978.1 Escherichia coli strain Ecol_656 plasmid pEC656_1, complete sequence"
GCF_002012065.1_ASM201206v1_genomic,NZ_CP018977.1,58431,plasmid,"NZ_CP018977.1 Escherichia coli strain Ecol_656 plasmid pEC656_KPC, complete sequence"
GCF_900622635.1_B36_genomic,NZ_LR130545.1,5147585,chromosome,NZ_LR130545.1 Escherichia coli strain B36 isolate B36 chromosome 1
GCF_900622635.1_B36_genomic,NZ_LR130546.1,112588,plasmid,NZ_LR130546.1 Escherichia coli strain B36 isolate B36 plasmid 2
GCF_900622635.1_B36_genomic,NZ_LR130547.1,1545,plasmid,NZ_LR130547.1 Escherichia coli strain B36 isolate B36 plasmid 3
GCF_021496425.1_ASM2149642v1_genomic,NZ_CP051661.1,5023946,chromosome,"NZ_CP051661.1 Escherichia coli strain 1162T7 chromosome, complete genome"
GCF_021496425.1_ASM2149642v1_genomic,NZ_CP051662.1,148312,plasmid,"NZ_CP051662.1 Escherichia coli strain 1162T7 plasmid pEco1162T7a, complete sequence"
GCF_002012165.1_ASM201216v1_genomic,NZ_CP019015.1,5099988,chromosome,"NZ_CP019015.1 Escherichia coli strain Ecol_AZ162 chromosome, complete genome"
GCF_002012165.1_ASM201216v1_genomic,NZ_CP019013.1,109057,plasmid,"NZ_CP019013.1 Escherichia coli strain Ecol_AZ162 plasmid pECAZ162_2, complete sequence"
GCF_002012165.1_ASM201216v1_genomic,NZ_CP019014.1,142829,plasmid,"NZ_CP019014.1 Escherichia coli strain Ecol_AZ162 plasmid pECAZ162_KPC, complete sequence"
GCF_905218875.2_AI2598v1_cp_genomic,NZ_OW848785.1,5039657,chromosome,"NZ_OW848785.1 Escherichia coli isolate 131 chromosome main, complete sequence"
GCF_905218875.2_AI2598v1_cp_genomic,NZ_OW848786.1,109001,plasmid,"NZ_OW848786.1 Escherichia coli isolate 131 plasmid P1, complete sequence"
GCF_905218875.2_AI2598v1_cp_genomic,NZ_OW848787.1,4082,plasmid,"NZ_OW848787.1 Escherichia coli isolate 131 plasmid P2, complete sequence"
GCF_003966775.1_ASM396677v1_genomic,NZ_AP018784.1,5029244,chromosome,"NZ_AP018784.1 Escherichia coli strain SK1144 chromosome, complete genome"
GCF_003966775.1_ASM396677v1_genomic,NZ_AP018785.1,169561,plasmid,NZ_AP018785.1 Escherichia coli strain SK1144 plasmid pSK1144
GCF_030708195.1_ASM3070819v1_genomic,NZ_CP107122.1,5071232,chromosome,"NZ_CP107122.1 Escherichia coli strain S9 chromosome, complete genome"
GCF_030708195.1_ASM3070819v1_genomic,NZ_CP107123.1,171301,plasmid,"NZ_CP107123.1 Escherichia coli strain S9 plasmid pS9-S4K58-1, complete sequence"
GCF_030708195.1_ASM3070819v1_genomic,NZ_CP107124.1,4082,plasmid,"NZ_CP107124.1 Escherichia coli strain S9 plasmid pS9-S4K58-2, complete sequence"
GCF_030708195.1_ASM3070819v1_genomic,NZ_CP107125.1,1822,plasmid,"NZ_CP107125.1 Escherichia coli strain S9 plasmid pS9-S4K58-3, complete sequence"
GCF_030038915.1_ASM3003891v1_genomic,NZ_CP124429.1,4974345,chromosome,"NZ_CP124429.1 Escherichia coli strain AVS0051 chromosome, complete genome"
GCF_030038915.1_ASM3003891v1_genomic,NZ_CP124430.1,113044,plasmid,"NZ_CP124430.1 Escherichia coli strain AVS0051 plasmid pAVS0051-A, complete sequence"
GCF_030038915.1_ASM3003891v1_genomic,NZ_CP124431.1,87732,plasmid,"NZ_CP124431.1 Escherichia coli strain AVS0051 plasmid pAVS0051-B, complete sequence"
GCF_030038915.1_ASM3003891v1_genomic,NZ_CP124432.1,6647,plasmid,"NZ_CP124432.1 Escherichia coli strain AVS0051 plasmid pAVS0051-C, complete sequence"
GCF_030038915.1_ASM3003891v1_genomic,NZ_CP124433.1,5167,plasmid,"NZ_CP124433.1 Escherichia coli strain AVS0051 plasmid pAVS0051-D, complete sequence"
GCF_030038915.1_ASM3003891v1_genomic,NZ_CP124434.1,2089,plasmid,"NZ_CP124434.1 Escherichia coli strain AVS0051 plasmid pAVS0051-E, complete sequence"
GCF_030038915.1_ASM3003891v1_genomic,NZ_CP124435.1,1549,plasmid,"NZ_CP124435.1 Escherichia coli strain AVS0051 plasmid pAVS0051-F, complete sequence"
GCF_030039375.1_ASM3003937v1_genomic,NZ_CP124410.1,4993064,chromosome,"NZ_CP124410.1 Escherichia coli strain AVS0543 chromosome, complete genome"
GCF_030039375.1_ASM3003937v1_genomic,NZ_CP124411.1,135326,plasmid,"NZ_CP124411.1 Escherichia coli strain AVS0543 plasmid pAVS0543-A, complete sequence"
GCF_030039375.1_ASM3003937v1_genomic,NZ_CP124412.1,5167,plasmid,"NZ_CP124412.1 Escherichia coli strain AVS0543 plasmid pAVS0543-B, complete sequence"
GCF_030039375.1_ASM3003937v1_genomic,NZ_CP124413.1,4083,plasmid,"NZ_CP124413.1 Escherichia coli strain AVS0543 plasmid pAVS0543-C, complete sequence"
GCF_030039375.1_ASM3003937v1_genomic,NZ_CP124414.1,1549,plasmid,"NZ_CP124414.1 Escherichia coli strain AVS0543 plasmid pAVS0543-D, complete sequence"
GCF_024918235.1_ASM2491823v1_genomic,NZ_CP103710.1,4918768,chromosome,"NZ_CP103710.1 Escherichia coli O25b:H4-ST131 chromosome, complete genome"
GCF_024918235.1_ASM2491823v1_genomic,NZ_CP103711.1,178234,plasmid,"NZ_CP103711.1 Escherichia coli O25b:H4-ST131 plasmid pMB3266_1, complete sequence"
GCF_024918235.1_ASM2491823v1_genomic,NZ_CP103712.1,81007,plasmid,"NZ_CP103712.1 Escherichia coli O25b:H4-ST131 plasmid pMB3266_2, complete sequence"
GCF_024918235.1_ASM2491823v1_genomic,NZ_CP103713.1,34612,plasmid,"NZ_CP103713.1 Escherichia coli O25b:H4-ST131 plasmid pMB3266_3, complete sequence"
GCF_030389275.1_ASM3038927v1_genomic,NZ_CP128907.1,4916220,chromosome,"NZ_CP128907.1 Escherichia coli strain TUM13881 chromosome, complete genome"
GCF_030389275.1_ASM3038927v1_genomic,NZ_CP128910.1,5167,plasmid,"NZ_CP128910.1 Escherichia coli strain TUM13881 plasmid pMTY13881_Col156, complete sequence"
GCF_030389275.1_ASM3038927v1_genomic,NZ_CP128908.1,101368,plasmid,"NZ_CP128908.1 Escherichia coli strain TUM13881 plasmid pMTY13881_IncF, complete sequence"
GCF_030389275.1_ASM3038927v1_genomic,NZ_CP128909.1,50134,plasmid,"NZ_CP128909.1 Escherichia coli strain TUM13881 plasmid pMTY13881_IncN, complete sequence"
GCF_030389275.1_ASM3038927v1_genomic,NZ_CP128911.1,4087,plasmid,"NZ_CP128911.1 Escherichia coli strain TUM13881 plasmid pMTY13881_untypable, complete sequence"
GCF_904866455.1_MSB1_4E_genomic,NZ_LR890693.1,5061196,chromosome,"NZ_LR890693.1 Escherichia coli strain MSB1_4E isolate MSB1_4E chromosome 1, complete sequence"
GCF_904866455.1_MSB1_4E_genomic,NZ_LR890694.1,112822,plasmid,"NZ_LR890694.1 Escherichia coli strain MSB1_4E isolate MSB1_4E plasmid 2, complete sequence"
GCF_904866455.1_MSB1_4E_genomic,NZ_LR890695.1,5167,plasmid,"NZ_LR890695.1 Escherichia coli strain MSB1_4E isolate MSB1_4E plasmid 3, complete sequence"
GCF_904866455.1_MSB1_4E_genomic,NZ_LR890696.1,4064,plasmid,"NZ_LR890696.1 Escherichia coli strain MSB1_4E isolate MSB1_4E plasmid 4, complete sequence"
GCF_904866455.1_MSB1_4E_genomic,NZ_LR890697.1,1549,plasmid,"NZ_LR890697.1 Escherichia coli strain MSB1_4E isolate MSB1_4E plasmid 5, complete sequence"
GCF_002012305.1_ASM201230v1_genomic,NZ_CP019020.1,4913259,chromosome,"NZ_CP019020.1 Escherichia coli strain Ecol_244 chromosome, complete genome"
GCF_002012305.1_ASM201230v1_genomic,NZ_CP019019.1,199671,plasmid,"NZ_CP019019.1 Escherichia coli strain Ecol_244 plasmid pEC244_1, complete sequence"
GCF_002012305.1_ASM201230v1_genomic,NZ_CP019018.1,158911,plasmid,"NZ_CP019018.1 Escherichia coli strain Ecol_244 plasmid pEC244_2, complete sequence"
GCF_002012305.1_ASM201230v1_genomic,NZ_CP019016.1,37756,plasmid,"NZ_CP019016.1 Escherichia coli strain Ecol_244 plasmid pEC244_4, complete sequence"
GCF_002012305.1_ASM201230v1_genomic,NZ_CP019017.1,73464,plasmid,"NZ_CP019017.1 Escherichia coli strain Ecol_244 plasmid pEC244_KPC, complete sequence"
GCF_001593565.1_ASM159356v1_genomic,NZ_CP014316.1,5081061,chromosome,"NZ_CP014316.1 Escherichia coli JJ1887 chromosome, complete genome"
GCF_001593565.1_ASM159356v1_genomic,NZ_CP014317.1,1552,plasmid,"NZ_CP014317.1 Escherichia coli JJ1887 plasmid pJJ1887-1, complete sequence"
GCF_001593565.1_ASM159356v1_genomic,NZ_CP014318.1,5167,plasmid,"NZ_CP014318.1 Escherichia coli JJ1887 plasmid pJJ1887-2, complete sequence"
GCF_001593565.1_ASM159356v1_genomic,NZ_CP014319.1,5631,plasmid,"NZ_CP014319.1 Escherichia coli JJ1887 plasmid pJJ1887-3, complete sequence"
GCF_001593565.1_ASM159356v1_genomic,NZ_CP014321.1,107507,plasmid,"NZ_CP014321.1 Escherichia coli JJ1887 plasmid pJJ1887-4, complete sequence"
GCF_001593565.1_ASM159356v1_genomic,NZ_CP014320.1,130603,plasmid,"NZ_CP014320.1 Escherichia coli JJ1887 plasmid pJJ1887-5, complete sequence"
GCF_030039395.1_ASM3003939v1_genomic,NZ_CP124405.1,4917286,chromosome,"NZ_CP124405.1 Escherichia coli strain AVS0935 chromosome, complete genome"
GCF_030039395.1_ASM3003939v1_genomic,NZ_CP124406.1,91501,plasmid,"NZ_CP124406.1 Escherichia coli strain AVS0935 plasmid pAVS0935-A, complete sequence"
GCF_030039395.1_ASM3003939v1_genomic,NZ_CP124407.1,74054,plasmid,"NZ_CP124407.1 Escherichia coli strain AVS0935 plasmid pAVS0935-B, complete sequence"
GCF_030039395.1_ASM3003939v1_genomic,NZ_CP124408.1,5167,plasmid,"NZ_CP124408.1 Escherichia coli strain AVS0935 plasmid pAVS0935-C, complete sequence"
GCF_030039395.1_ASM3003939v1_genomic,NZ_CP124409.1,4087,plasmid,"NZ_CP124409.1 Escherichia coli strain AVS0935 plasmid pAVS0935-D, complete sequence"
GCF_015138575.1_ASM1513857v1_genomic,NZ_AP022525.1,5255588,chromosome,"NZ_AP022525.1 Escherichia coli strain THO-003 chromosome, complete genome"
GCF_015138575.1_ASM1513857v1_genomic,NZ_AP022526.1,123467,plasmid,"NZ_AP022526.1 Escherichia coli strain THO-003 plasmid pTHO-003-1, complete sequence"
GCF_004193755.1_ASM419375v1_genomic,NZ_CP035720.1,4928938,chromosome,"NZ_CP035720.1 Escherichia coli strain U15A chromosome, complete genome"
GCF_004193755.1_ASM419375v1_genomic,NZ_CP035721.1,109023,plasmid,"NZ_CP035721.1 Escherichia coli strain U15A plasmid pU15A_A, complete sequence"
GCF_004193755.1_ASM419375v1_genomic,NZ_CP035722.1,69541,plasmid,"NZ_CP035722.1 Escherichia coli strain U15A plasmid pU15A_B, complete sequence"
GCF_004193755.1_ASM419375v1_genomic,NZ_CP035723.1,5209,plasmid,"NZ_CP035723.1 Escherichia coli strain U15A plasmid pU15A_C, complete sequence"
GCF_004193755.1_ASM419375v1_genomic,NZ_CP035724.1,8166,plasmid,"NZ_CP035724.1 Escherichia coli strain U15A plasmid pU15A_D, complete sequence"
GCF_004193755.1_ASM419375v1_genomic,NZ_CP035725.1,5632,plasmid,"NZ_CP035725.1 Escherichia coli strain U15A plasmid pU15A_E, complete sequence"
GCF_004193755.1_ASM419375v1_genomic,NZ_CP035726.1,1506,plasmid,"NZ_CP035726.1 Escherichia coli strain U15A plasmid pU15A_F, complete sequence"
GCF_029991195.1_ASM2999119v1_genomic,NZ_CP124332.1,5285675,chromosome,"NZ_CP124332.1 Escherichia coli strain AVS0753 chromosome, complete genome"
GCF_029991195.1_ASM2999119v1_genomic,NZ_CP124333.1,105993,plasmid,"NZ_CP124333.1 Escherichia coli strain AVS0753 plasmid pAVS0753-A, complete sequence"
GCF_030708235.1_ASM3070823v1_genomic,NZ_CP107128.1,5247286,chromosome,"NZ_CP107128.1 Escherichia coli strain S7 chromosome, complete genome"
GCF_030708235.1_ASM3070823v1_genomic,NZ_CP107129.1,123735,plasmid,"NZ_CP107129.1 Escherichia coli strain S7 plasmid pS7-S3K40-1, complete sequence"
GCF_030708235.1_ASM3070823v1_genomic,NZ_CP107130.1,6200,plasmid,"NZ_CP107130.1 Escherichia coli strain S7 plasmid pS7-S3K40-2, complete sequence"
GCF_030708235.1_ASM3070823v1_genomic,NZ_CP107131.1,5167,plasmid,"NZ_CP107131.1 Escherichia coli strain S7 plasmid pS7-S3K40-3, complete sequence"
GCF_030708235.1_ASM3070823v1_genomic,NZ_CP107132.1,4088,plasmid,"NZ_CP107132.1 Escherichia coli strain S7 plasmid pS7-S3K40-4, complete sequence"
GCF_030708235.1_ASM3070823v1_genomic,NZ_CP107133.1,1546,plasmid,"NZ_CP107133.1 Escherichia coli strain S7 plasmid pS7-S3K40-5, complete sequence"
GCF_015139735.1_ASM1513973v1_genomic,NZ_AP022549.1,5047339,chromosome,"NZ_AP022549.1 Escherichia coli strain THO-015 chromosome, complete genome"
GCF_015139735.1_ASM1513973v1_genomic,NZ_AP022550.1,88121,plasmid,"NZ_AP022550.1 Escherichia coli strain THO-015 plasmid pTHO-015-1, complete sequence"
GCF_015139735.1_ASM1513973v1_genomic,NZ_AP022551.1,46459,plasmid,"NZ_AP022551.1 Escherichia coli strain THO-015 plasmid pTHO-015-2, complete sequence"
GCF_015139735.1_ASM1513973v1_genomic,NZ_AP022552.1,46229,plasmid,"NZ_AP022552.1 Escherichia coli strain THO-015 plasmid pTHO-015-3, complete sequence"
GCF_030708315.1_ASM3070831v1_genomic,NZ_CP107142.1,5127186,chromosome,"NZ_CP107142.1 Escherichia coli strain S3 chromosome, complete genome"
GCF_905330875.2_AI2949v1_cpp_genomic,NZ_OW968277.1,5212580,chromosome,"NZ_OW968277.1 Escherichia coli isolate 131 chromosome main, complete sequence"
GCF_905330875.2_AI2949v1_cpp_genomic,NZ_OW968278.1,128607,plasmid,"NZ_OW968278.1 Escherichia coli isolate 131 plasmid P1, complete sequence"
GCF_905330875.2_AI2949v1_cpp_genomic,NZ_OW968279.1,6647,plasmid,"NZ_OW968279.1 Escherichia coli isolate 131 plasmid P2, complete sequence"
GCF_002996945.1_ASM299694v1_genomic,NZ_CP027534.1,5022408,chromosome,"NZ_CP027534.1 Escherichia coli strain AR_0081 chromosome, complete genome"
GCF_002996945.1_ASM299694v1_genomic,NZ_CP027535.1,101207,plasmid,"NZ_CP027535.1 Escherichia coli strain AR_0081 plasmid unnamed1, complete sequence"
GCF_002996945.1_ASM299694v1_genomic,NZ_CP027537.1,100279,plasmid,"NZ_CP027537.1 Escherichia coli strain AR_0081 plasmid unnamed2, complete sequence"
GCF_002996945.1_ASM299694v1_genomic,NZ_CP027536.1,72482,plasmid,"NZ_CP027536.1 Escherichia coli strain AR_0081 plasmid unnamed3, complete sequence"
GCF_030708135.1_ASM3070813v1_genomic,NZ_CP107114.1,5259570,chromosome,"NZ_CP107114.1 Escherichia coli strain S14 chromosome, complete genome"
GCF_030708135.1_ASM3070813v1_genomic,NZ_CP107115.1,119061,plasmid,"NZ_CP107115.1 Escherichia coli strain S14 plasmid pS14-1129-1, complete sequence"
GCF_030708135.1_ASM3070813v1_genomic,NZ_CP107116.1,61312,plasmid,"NZ_CP107116.1 Escherichia coli strain S14 plasmid pS14-1129-2, complete sequence"
GCF_030708255.1_ASM3070825v1_genomic,NZ_CP107134.1,5332681,chromosome,"NZ_CP107134.1 Escherichia coli strain S6 chromosome, complete genome"
GCF_030708255.1_ASM3070825v1_genomic,NZ_CP107135.1,139731,plasmid,"NZ_CP107135.1 Escherichia coli strain S6 plasmid pS6-220-1, complete sequence"
GCF_030708255.1_ASM3070825v1_genomic,NZ_CP107136.1,92311,plasmid,"NZ_CP107136.1 Escherichia coli strain S6 plasmid pS6-220-2, complete sequence"
GCF_003856615.1_ASM385661v1_genomic,NZ_CP023849.1,5243509,chromosome,"NZ_CP023849.1 Escherichia coli strain 4/0 chromosome, complete genome"
GCF_003856615.1_ASM385661v1_genomic,NZ_CP023850.1,138672,plasmid,"NZ_CP023850.1 Escherichia coli strain 4/0 plasmid p4_0.1, complete sequence"
GCF_003856615.1_ASM385661v1_genomic,NZ_CP023851.1,110452,plasmid,"NZ_CP023851.1 Escherichia coli strain 4/0 plasmid p4_0.2, complete sequence"
GCF_003856615.1_ASM385661v1_genomic,NZ_CP023852.1,10612,plasmid,"NZ_CP023852.1 Escherichia coli strain 4/0 plasmid p4_0.3, complete sequence"
GCF_003194345.1_ASM319434v1_genomic,NZ_CP028483.1,5022609,chromosome,"NZ_CP028483.1 Escherichia coli strain E41-1 chromosome, complete genome"
GCF_003194345.1_ASM319434v1_genomic,NZ_CP028484.1,128911,plasmid,"NZ_CP028484.1 Escherichia coli strain E41-1 plasmid p1, complete sequence"
GCF_003194345.1_ASM319434v1_genomic,NZ_CP028485.1,86657,plasmid,"NZ_CP028485.1 Escherichia coli strain E41-1 plasmid p2, complete sequence"
GCF_003194345.1_ASM319434v1_genomic,NZ_CP028486.1,52864,plasmid,"NZ_CP028486.1 Escherichia coli strain E41-1 plasmid p3, complete sequence"
GCF_018972265.1_ASM1897226v1_genomic,NZ_CP076693.1,5181038,chromosome,"NZ_CP076693.1 Escherichia coli strain S103EC chromosome, complete genome"
GCF_018972265.1_ASM1897226v1_genomic,NZ_CP076694.1,146805,plasmid,"NZ_CP076694.1 Escherichia coli strain S103EC plasmid pS103EC_A, complete sequence"
GCF_018972265.1_ASM1897226v1_genomic,NZ_CP076696.1,5168,plasmid,"NZ_CP076696.1 Escherichia coli strain S103EC plasmid pS103EC_B, complete sequence"
GCF_018972265.1_ASM1897226v1_genomic,NZ_CP076695.1,4084,plasmid,"NZ_CP076695.1 Escherichia coli strain S103EC plasmid pS103EC_C, complete sequence"
GCF_001469815.1_ASM146981v1_genomic,NZ_CP013658.1,5106662,chromosome,"NZ_CP013658.1 Escherichia coli strain uk_P46212 chromosome, complete genome"
GCF_001469815.1_ASM146981v1_genomic,NZ_CP013657.1,143748,plasmid,"NZ_CP013657.1 Escherichia coli strain uk_P46212 plasmid unnamed, complete sequence"
GCF_030037835.1_ASM3003783v1_genomic,NZ_CP124460.1,4978191,chromosome,"NZ_CP124460.1 Escherichia coli strain AVS0947 chromosome, complete genome"
GCF_030037835.1_ASM3003783v1_genomic,NZ_CP124461.1,110076,plasmid,"NZ_CP124461.1 Escherichia coli strain AVS0947 plasmid pAVS0947-A, complete sequence"
GCF_030037835.1_ASM3003783v1_genomic,NZ_CP124462.1,95665,plasmid,"NZ_CP124462.1 Escherichia coli strain AVS0947 plasmid pAVS0947-B, complete sequence"
GCF_030037835.1_ASM3003783v1_genomic,NZ_CP124463.1,35356,plasmid,"NZ_CP124463.1 Escherichia coli strain AVS0947 plasmid pAVS0947-C, complete sequence"
GCF_030037835.1_ASM3003783v1_genomic,NZ_CP124464.1,12575,plasmid,"NZ_CP124464.1 Escherichia coli strain AVS0947 plasmid pAVS0947-D, complete sequence"
GCF_030037835.1_ASM3003783v1_genomic,NZ_CP124465.1,5167,plasmid,"NZ_CP124465.1 Escherichia coli strain AVS0947 plasmid pAVS0947-E, complete sequence"
GCF_030037835.1_ASM3003783v1_genomic,NZ_CP124466.1,4072,plasmid,"NZ_CP124466.1 Escherichia coli strain AVS0947 plasmid pAVS0947-F, complete sequence"
GCF_002012245.1_ASM201224v1_genomic,NZ_CP019000.1,4998584,chromosome,"NZ_CP019000.1 Escherichia coli strain Ecol_AZ153 chromosome, complete genome"
GCF_002012245.1_ASM201224v1_genomic,NZ_CP018998.1,99006,plasmid,"NZ_CP018998.1 Escherichia coli strain Ecol_AZ153 plasmid pECAZ153_2, complete sequence"
GCF_002012245.1_ASM201224v1_genomic,NZ_CP018997.1,4921,plasmid,"NZ_CP018997.1 Escherichia coli strain Ecol_AZ153 plasmid pECAZ153_3, complete sequence"
GCF_002012245.1_ASM201224v1_genomic,NZ_CP018996.1,4073,plasmid,"NZ_CP018996.1 Escherichia coli strain Ecol_AZ153 plasmid pECAZ153_4, complete sequence"
GCF_002012245.1_ASM201224v1_genomic,NZ_CP018999.1,146162,plasmid,"NZ_CP018999.1 Escherichia coli strain Ecol_AZ153 plasmid pECAZ153_KPC, complete sequence"
GCF_021228975.1_ASM2122897v1_genomic,NZ_CP089445.1,5112678,chromosome,"NZ_CP089445.1 Escherichia coli strain 5-1 chromosome, complete genome"
GCF_021228975.1_ASM2122897v1_genomic,NZ_CP089446.1,129071,plasmid,"NZ_CP089446.1 Escherichia coli strain 5-1 plasmid unnamed1, complete sequence"
GCF_021228975.1_ASM2122897v1_genomic,NZ_CP089447.1,125150,plasmid,"NZ_CP089447.1 Escherichia coli strain 5-1 plasmid unnamed2, complete sequence"
GCF_002193095.1_ASM219309v1_genomic,NZ_CP021454.1,4978342,chromosome,"NZ_CP021454.1 Escherichia coli strain H105 chromosome, complete genome"
GCF_002193095.1_ASM219309v1_genomic,NZ_CP021871.1,134899,plasmid,"NZ_CP021871.1 Escherichia coli strain H105 plasmid pH105, complete sequence"
GCF_002157245.1_ASM215724v1_genomic,NZ_CP021179.1,5012084,chromosome,"NZ_CP021179.1 Escherichia coli strain 81009 chromosome, complete genome"
GCF_002157245.1_ASM215724v1_genomic,NZ_CP021180.1,135720,plasmid,"NZ_CP021180.1 Escherichia coli strain 81009 plasmid pEC-81009, complete sequence"
GCF_030707855.1_ASM3070785v1_genomic,NZ_CP107151.1,5120420,chromosome,"NZ_CP107151.1 Escherichia coli strain R13 chromosome, complete genome"
GCF_030707855.1_ASM3070785v1_genomic,NZ_CP107152.1,187795,plasmid,"NZ_CP107152.1 Escherichia coli strain R13 plasmid pR13-1180, complete sequence"
GCF_000285655.3_EC958.v1_genomic,NZ_HG941718.1,5109767,chromosome,"NZ_HG941718.1 Escherichia coli O25b:H4-ST131 strain EC958 chromosome I, complete sequence"
GCF_000285655.3_EC958.v1_genomic,NZ_HG941719.1,135602,plasmid,"NZ_HG941719.1 Escherichia coli O25b:H4-ST131 strain EC958 plasmid pEC958, complete sequence"
GCF_000285655.3_EC958.v1_genomic,NZ_HG941720.1,4080,plasmid,"NZ_HG941720.1 Escherichia coli O25b:H4-ST131 strain EC958 plasmid pEC958B, complete sequence"
GCF_030995205.1_ASM3099520v1_genomic,NZ_CP115324.1,5289576,chromosome,"NZ_CP115324.1 Escherichia coli strain CUVET17-1136 chromosome, complete genome"
GCF_030995205.1_ASM3099520v1_genomic,NZ_CP115325.1,146752,plasmid,"NZ_CP115325.1 Escherichia coli strain CUVET17-1136 plasmid pCUVET17-1136.1, complete sequence"
GCF_024734835.1_ASM2473483v1_genomic,NZ_CP102947.1,5032780,chromosome,"NZ_CP102947.1 Escherichia coli strain SCAID WND1-2022 (119) chromosome, complete genome"
GCF_024734835.1_ASM2473483v1_genomic,NZ_CP102948.1,105437,plasmid,"NZ_CP102948.1 Escherichia coli strain SCAID WND1-2022 (119) plasmid unnamed1, complete sequence"
GCF_024734835.1_ASM2473483v1_genomic,NZ_CP102949.1,99647,plasmid,"NZ_CP102949.1 Escherichia coli strain SCAID WND1-2022 (119) plasmid unnamed2, complete sequence"
GCF_027944835.1_ASM2794483v1_genomic,NZ_CP116145.1,5029720,chromosome,"NZ_CP116145.1 Escherichia coli strain DETEC-P622 chromosome, complete genome"
GCF_027944835.1_ASM2794483v1_genomic,NZ_CP116149.1,5167,plasmid,"NZ_CP116149.1 Escherichia coli strain DETEC-P622 plasmid pDETEC27, complete sequence"
GCF_027944835.1_ASM2794483v1_genomic,NZ_CP116146.1,107932,plasmid,"NZ_CP116146.1 Escherichia coli strain DETEC-P622 plasmid pDETEC55, complete sequence"
GCF_027944835.1_ASM2794483v1_genomic,NZ_CP116148.1,13744,plasmid,"NZ_CP116148.1 Escherichia coli strain DETEC-P622 plasmid pDETEC57, complete sequence"
GCF_027944835.1_ASM2794483v1_genomic,NZ_CP116150.1,4087,plasmid,"NZ_CP116150.1 Escherichia coli strain DETEC-P622 plasmid pDETEC58, complete sequence"
GCF_027944835.1_ASM2794483v1_genomic,NZ_CP116151.1,1552,plasmid,"NZ_CP116151.1 Escherichia coli strain DETEC-P622 plasmid pDETEC59, complete sequence"
GCF_027944835.1_ASM2794483v1_genomic,NZ_CP116147.1,82763,plasmid,"NZ_CP116147.1 Escherichia coli strain DETEC-P622 plasmid pDETEC60, complete sequence"
GCF_004135165.1_ASM413516v1_genomic,NZ_CP035477.1,5061273,chromosome,"NZ_CP035477.1 Escherichia coli strain U13A chromosome, complete genome"
GCF_004135165.1_ASM413516v1_genomic,NZ_CP035478.1,149312,plasmid,"NZ_CP035478.1 Escherichia coli strain U13A plasmid pU13A_A, complete sequence"
GCF_004135165.1_ASM413516v1_genomic,NZ_CP035479.1,69518,plasmid,"NZ_CP035479.1 Escherichia coli strain U13A plasmid pU13A_B, complete sequence"
GCF_004135165.1_ASM413516v1_genomic,NZ_CP035480.1,5209,plasmid,"NZ_CP035480.1 Escherichia coli strain U13A plasmid pU13A_C, complete sequence"
GCF_004135165.1_ASM413516v1_genomic,NZ_CP035481.1,8166,plasmid,"NZ_CP035481.1 Escherichia coli strain U13A plasmid pU13A_D, complete sequence"
GCF_004135165.1_ASM413516v1_genomic,NZ_CP035482.1,5632,plasmid,"NZ_CP035482.1 Escherichia coli strain U13A plasmid pU13A_E, complete sequence"
GCF_004135165.1_ASM413516v1_genomic,NZ_CP035483.1,1506,plasmid,"NZ_CP035483.1 Escherichia coli strain U13A plasmid pU13A_F, complete sequence"
GCF_900520325.1_ASM90052032v1_genomic,NZ_LS992168.1,5031440,chromosome,"NZ_LS992168.1 Escherichia coli isolate Escherichia coli str. TO60 chromosome 1, complete sequence"
GCF_900520325.1_ASM90052032v1_genomic,NZ_LS992169.1,172923,plasmid,"NZ_LS992169.1 Escherichia coli isolate Escherichia coli str. TO60 plasmid 2, complete sequence"
GCF_900520325.1_ASM90052032v1_genomic,NZ_LS992170.1,46051,plasmid,"NZ_LS992170.1 Escherichia coli isolate Escherichia coli str. TO60 plasmid 3, complete sequence"
GCF_030708015.1_ASM3070801v1_genomic,NZ_CP107182.1,5325420,chromosome,"NZ_CP107182.1 Escherichia coli strain R4 chromosome, complete genome"
GCF_030708015.1_ASM3070801v1_genomic,NZ_CP107183.1,118803,plasmid,"NZ_CP107183.1 Escherichia coli strain R4 plasmid pR4-B86605, complete sequence"
GCF_030708495.1_ASM3070849v1_genomic,NZ_CP096110.1,5114958,chromosome,"NZ_CP096110.1 Escherichia coli strain DP033 chromosome, complete genome"
GCF_030708495.1_ASM3070849v1_genomic,NZ_CP096111.1,126378,plasmid,"NZ_CP096111.1 Escherichia coli strain DP033 plasmid pDP033, complete sequence"
GCF_000931565.1_ASM93156v1_genomic,NZ_CP010876.1,5010884,chromosome,"NZ_CP010876.1 Escherichia coli strain MNCRE44 chromosome, complete genome"
GCF_000931565.1_ASM93156v1_genomic,NZ_CP010877.1,1506,plasmid,"NZ_CP010877.1 Escherichia coli strain MNCRE44 plasmid pMNCRE44_1, complete sequence"
GCF_000931565.1_ASM93156v1_genomic,NZ_CP010878.1,4088,plasmid,"NZ_CP010878.1 Escherichia coli strain MNCRE44 plasmid pMNCRE44_2, complete sequence"
GCF_000931565.1_ASM93156v1_genomic,NZ_CP010879.1,5167,plasmid,"NZ_CP010879.1 Escherichia coli strain MNCRE44 plasmid pMNCRE44_3, complete sequence"
GCF_000931565.1_ASM93156v1_genomic,NZ_CP010880.1,30855,plasmid,"NZ_CP010880.1 Escherichia coli strain MNCRE44 plasmid pMNCRE44_4, complete sequence"
GCF_000931565.1_ASM93156v1_genomic,NZ_CP010881.1,116803,plasmid,"NZ_CP010881.1 Escherichia coli strain MNCRE44 plasmid pMNCRE44_5, complete sequence"
GCF_000931565.1_ASM93156v1_genomic,NZ_CP010882.1,122966,plasmid,"NZ_CP010882.1 Escherichia coli strain MNCRE44 plasmid pMNCRE44_6, complete sequence"
GCF_019428585.1_ASM1942858v1_genomic,NZ_CP080119.1,5185411,chromosome,"NZ_CP080119.1 Escherichia coli strain M45 chromosome, complete genome"
GCF_001566615.1_ASM156661v1_genomic,NZ_CP014495.1,5061821,chromosome,"NZ_CP014495.1 Escherichia coli strain SaT040 chromosome, complete genome"
GCF_001566615.1_ASM156661v1_genomic,NZ_CP014496.1,114223,plasmid,"NZ_CP014496.1 Escherichia coli strain SaT040 plasmid pSaT040, complete sequence"
GCF_021496445.1_ASM2149644v1_genomic,NZ_CP051663.1,5007059,chromosome,"NZ_CP051663.1 Escherichia coli strain 1162invT2 chromosome, complete genome"
GCF_021496445.1_ASM2149644v1_genomic,NZ_CP051664.1,5167,plasmid,"NZ_CP051664.1 Escherichia coli strain 1162invT2 plasmid pEco1162invT2a, complete sequence"
GCF_021496445.1_ASM2149644v1_genomic,NZ_CP051665.1,157396,plasmid,"NZ_CP051665.1 Escherichia coli strain 1162invT2 plasmid pEco1162invT2b, complete sequence"
GCF_016756455.1_ASM1675645v1_genomic,NZ_AP022326.1,5038168,chromosome,"NZ_AP022326.1 Escherichia coli O25:H4 strain 18044 chromosome, complete genome"
GCF_016756455.1_ASM1675645v1_genomic,NZ_AP022327.1,139450,plasmid,"NZ_AP022327.1 Escherichia coli O25:H4 strain 18044 plasmid p18044_1, complete sequence"
GCF_016756455.1_ASM1675645v1_genomic,NZ_AP022328.1,67915,plasmid,"NZ_AP022328.1 Escherichia coli O25:H4 strain 18044 plasmid p18044_2, complete sequence"
GCF_016756455.1_ASM1675645v1_genomic,NZ_AP022329.1,5167,plasmid,"NZ_AP022329.1 Escherichia coli O25:H4 strain 18044 plasmid p18044_3, complete sequence"
GCF_016756455.1_ASM1675645v1_genomic,NZ_AP022330.1,4060,plasmid,"NZ_AP022330.1 Escherichia coli O25:H4 strain 18044 plasmid p18044_4, complete sequence"
GCF_016756455.1_ASM1675645v1_genomic,NZ_AP022331.1,1551,plasmid,"NZ_AP022331.1 Escherichia coli O25:H4 strain 18044 plasmid p18044_5, complete sequence"
GCF_025426175.1_ASM2542617v1_genomic,NZ_CP104846.1,4944989,chromosome,"NZ_CP104846.1 Escherichia coli strain DFS.1 chromosome, complete genome"
GCF_025426175.1_ASM2542617v1_genomic,NZ_CP104847.1,92732,plasmid,"NZ_CP104847.1 Escherichia coli strain DFS.1 plasmid unnamed1, complete sequence"
GCF_027944955.1_ASM2794495v1_genomic,NZ_CP116181.1,4974899,chromosome,"NZ_CP116181.1 Escherichia coli strain DETEC-E480 chromosome, complete genome"
GCF_027944955.1_ASM2794495v1_genomic,NZ_CP116185.1,5167,plasmid,"NZ_CP116185.1 Escherichia coli strain DETEC-E480 plasmid pDETEC27, complete sequence"
GCF_027944955.1_ASM2794495v1_genomic,NZ_CP116182.1,107932,plasmid,"NZ_CP116182.1 Escherichia coli strain DETEC-E480 plasmid pDETEC55, complete sequence"
GCF_027944955.1_ASM2794495v1_genomic,NZ_CP116183.1,103383,plasmid,"NZ_CP116183.1 Escherichia coli strain DETEC-E480 plasmid pDETEC56, complete sequence"
GCF_027944955.1_ASM2794495v1_genomic,NZ_CP116184.1,13744,plasmid,"NZ_CP116184.1 Escherichia coli strain DETEC-E480 plasmid pDETEC57, complete sequence"
GCF_027944955.1_ASM2794495v1_genomic,NZ_CP116186.1,4087,plasmid,"NZ_CP116186.1 Escherichia coli strain DETEC-E480 plasmid pDETEC58, complete sequence"
GCF_027944955.1_ASM2794495v1_genomic,NZ_CP116187.1,1552,plasmid,"NZ_CP116187.1 Escherichia coli strain DETEC-E480 plasmid pDETEC59, complete sequence"
GCF_026001125.1_ASM2600112v1_genomic,NZ_AP026788.1,5194327,chromosome,"NZ_AP026788.1 Escherichia coli strain IPCEC42 chromosome, complete genome"
GCF_026001125.1_ASM2600112v1_genomic,NZ_AP026789.1,165449,plasmid,"NZ_AP026789.1 Escherichia coli strain IPCEC42 plasmid pIPCEC42_1, complete sequence"
GCF_026001125.1_ASM2600112v1_genomic,NZ_AP026790.1,60945,plasmid,"NZ_AP026790.1 Escherichia coli strain IPCEC42 plasmid pIPCEC42_2, complete sequence"
GCF_026001125.1_ASM2600112v1_genomic,NZ_AP026791.1,30638,plasmid,"NZ_AP026791.1 Escherichia coli strain IPCEC42 plasmid pIPCEC42_3, complete sequence"
GCF_026001125.1_ASM2600112v1_genomic,NZ_AP026792.1,4073,plasmid,"NZ_AP026792.1 Escherichia coli strain IPCEC42 plasmid pIPCEC42_4, complete sequence"
GCF_026001125.1_ASM2600112v1_genomic,NZ_AP026793.1,1661,plasmid,"NZ_AP026793.1 Escherichia coli strain IPCEC42 plasmid pIPCEC42_5, complete sequence"
GCF_030038515.1_ASM3003851v1_genomic,NZ_CP124442.1,5129351,chromosome,"NZ_CP124442.1 Escherichia coli strain AVS0196 chromosome, complete genome"
GCF_030038515.1_ASM3003851v1_genomic,NZ_CP124443.1,82934,plasmid,"NZ_CP124443.1 Escherichia coli strain AVS0196 plasmid pAVS0196-A, complete sequence"
GCF_030038515.1_ASM3003851v1_genomic,NZ_CP124444.1,5167,plasmid,"NZ_CP124444.1 Escherichia coli strain AVS0196 plasmid pAVS0196-B, complete sequence"
GCF_030038515.1_ASM3003851v1_genomic,NZ_CP124445.1,4245,plasmid,"NZ_CP124445.1 Escherichia coli strain AVS0196 plasmid pAVS0196-C, complete sequence"
GCF_030038515.1_ASM3003851v1_genomic,NZ_CP124446.1,4064,plasmid,"NZ_CP124446.1 Escherichia coli strain AVS0196 plasmid pAVS0196-D, complete sequence"
GCF_030038515.1_ASM3003851v1_genomic,NZ_CP124447.1,1549,plasmid,"NZ_CP124447.1 Escherichia coli strain AVS0196 plasmid pAVS0196-E, complete sequence"
GCF_002012145.1_ASM201214v1_genomic,NZ_CP019008.1,4926149,chromosome,"NZ_CP019008.1 Escherichia coli strain Ecol_AZ159 chromosome, complete genome"
GCF_002012145.1_ASM201214v1_genomic,NZ_CP019007.1,128248,plasmid,"NZ_CP019007.1 Escherichia coli strain Ecol_AZ159 plasmid pECAZ159_1, complete sequence"
GCF_002012145.1_ASM201214v1_genomic,NZ_CP019006.1,47531,plasmid,"NZ_CP019006.1 Escherichia coli strain Ecol_AZ159 plasmid pECAZ159_2, complete sequence"
GCF_030038665.1_ASM3003866v1_genomic,NZ_CP124436.1,5141728,chromosome,"NZ_CP124436.1 Escherichia coli strain AVS0790 chromosome, complete genome"
GCF_030038665.1_ASM3003866v1_genomic,NZ_CP124437.1,82979,plasmid,"NZ_CP124437.1 Escherichia coli strain AVS0790 plasmid pAVS0790-A, complete sequence"
GCF_030038665.1_ASM3003866v1_genomic,NZ_CP124438.1,5167,plasmid,"NZ_CP124438.1 Escherichia coli strain AVS0790 plasmid pAVS0790-B, complete sequence"
GCF_030038665.1_ASM3003866v1_genomic,NZ_CP124439.1,4245,plasmid,"NZ_CP124439.1 Escherichia coli strain AVS0790 plasmid pAVS0790-C, complete sequence"
GCF_030038665.1_ASM3003866v1_genomic,NZ_CP124440.1,4064,plasmid,"NZ_CP124440.1 Escherichia coli strain AVS0790 plasmid pAVS0790-D, complete sequence"
GCF_030038665.1_ASM3003866v1_genomic,NZ_CP124441.1,1549,plasmid,"NZ_CP124441.1 Escherichia coli strain AVS0790 plasmid pAVS0790-E, complete sequence"
GCF_003856635.1_ASM385663v1_genomic,NZ_CP023853.1,5174317,chromosome,"NZ_CP023853.1 Escherichia coli strain 2/0 chromosome, complete genome"
GCF_003856635.1_ASM385663v1_genomic,NZ_CP023854.1,135053,plasmid,"NZ_CP023854.1 Escherichia coli strain 2/0 plasmid p2_0.1, complete sequence"
GCF_003856635.1_ASM385663v1_genomic,NZ_CP023855.1,4063,plasmid,"NZ_CP023855.1 Escherichia coli strain 2/0 plasmid p2_0.2, complete sequence"
GCF_003856635.1_ASM385663v1_genomic,NZ_CP023856.1,2331,plasmid,"NZ_CP023856.1 Escherichia coli strain 2/0 plasmid p2_0.3, complete sequence"
GCF_003856635.1_ASM385663v1_genomic,NZ_CP023857.1,2101,plasmid,"NZ_CP023857.1 Escherichia coli strain 2/0 plasmid p2_0.4, complete sequence"
GCF_003856635.1_ASM385663v1_genomic,NZ_CP023858.1,1552,plasmid,"NZ_CP023858.1 Escherichia coli strain 2/0 plasmid p2_0.5, complete sequence"
GCF_026651185.1_ASM2665118v1_genomic,NZ_CP095520.1,4909815,chromosome,"NZ_CP095520.1 Escherichia coli strain GN04171 chromosome, complete genome"
GCF_026651185.1_ASM2665118v1_genomic,NZ_CP095521.1,42897,plasmid,NZ_CP095521.1 Escherichia coli strain GN04171 plasmid p4171-1
GCF_026651185.1_ASM2665118v1_genomic,NZ_CP095524.1,74318,plasmid,NZ_CP095524.1 Escherichia coli strain GN04171 plasmid p4171-2
GCF_026651185.1_ASM2665118v1_genomic,NZ_CP095522.1,67887,plasmid,NZ_CP095522.1 Escherichia coli strain GN04171 plasmid p4171-3
GCF_026651185.1_ASM2665118v1_genomic,NZ_CP095523.1,5632,plasmid,NZ_CP095523.1 Escherichia coli strain GN04171 plasmid p4171-4
GCF_030039325.1_ASM3003932v1_genomic,NZ_CP124415.1,4967373,chromosome,"NZ_CP124415.1 Escherichia coli strain AVS0223 chromosome, complete genome"
GCF_030039325.1_ASM3003932v1_genomic,NZ_CP124416.1,134299,plasmid,"NZ_CP124416.1 Escherichia coli strain AVS0223 plasmid pAVS0223-A, complete sequence"
GCF_030039325.1_ASM3003932v1_genomic,NZ_CP124417.1,108564,plasmid,"NZ_CP124417.1 Escherichia coli strain AVS0223 plasmid pAVS0223-B, complete sequence"
GCF_030039325.1_ASM3003932v1_genomic,NZ_CP124418.1,5167,plasmid,"NZ_CP124418.1 Escherichia coli strain AVS0223 plasmid pAVS0223-C, complete sequence"
GCF_030039325.1_ASM3003932v1_genomic,NZ_CP124419.1,1549,plasmid,"NZ_CP124419.1 Escherichia coli strain AVS0223 plasmid pAVS0223-D, complete sequence"
GCF_001617565.1_ASM161756v1_genomic,NZ_CP015138.1,5009900,chromosome,"NZ_CP015138.1 Escherichia coli strain Ecol_732 chromosome, complete genome"
GCF_001617565.1_ASM161756v1_genomic,NZ_CP015140.1,129154,plasmid,"NZ_CP015140.1 Escherichia coli strain Ecol_732 plasmid pEC732_2, complete sequence"
GCF_001617565.1_ASM161756v1_genomic,NZ_CP015141.1,82588,plasmid,"NZ_CP015141.1 Escherichia coli strain Ecol_732 plasmid pEC732_3, complete sequence"
GCF_001617565.1_ASM161756v1_genomic,NZ_CP015142.1,4072,plasmid,"NZ_CP015142.1 Escherichia coli strain Ecol_732 plasmid pEC732_4, complete sequence"
GCF_001617565.1_ASM161756v1_genomic,NZ_CP015143.1,1549,plasmid,"NZ_CP015143.1 Escherichia coli strain Ecol_732 plasmid pEC732_5, complete sequence"
GCF_001617565.1_ASM161756v1_genomic,NZ_CP015144.1,4204,plasmid,NZ_CP015144.1 Escherichia coli strain Ecol_732 plasmid pEC732_6
GCF_001617565.1_ASM161756v1_genomic,NZ_CP015139.1,186826,plasmid,"NZ_CP015139.1 Escherichia coli strain Ecol_732 plasmid pEC732_IMP14, complete sequence"
GCF_025426195.1_ASM2542619v1_genomic,NZ_CP104848.1,5064316,chromosome,"NZ_CP104848.1 Escherichia coli strain DFK.1 chromosome, complete genome"
GCF_025426195.1_ASM2542619v1_genomic,NZ_CP104849.1,85007,plasmid,"NZ_CP104849.1 Escherichia coli strain DFK.1 plasmid unnamed1, complete sequence"
GCF_014168955.1_ASM1416895v1_genomic,NZ_AP022032.1,4949344,chromosome,"NZ_AP022032.1 Escherichia coli strain WP3-S18-ESBL-08 chromosome, complete genome"
GCF_014168955.1_ASM1416895v1_genomic,NZ_AP022033.1,105867,plasmid,"NZ_AP022033.1 Escherichia coli strain WP3-S18-ESBL-08 plasmid pWP3-S18-ESBL-08_1, complete sequence"
GCF_014168955.1_ASM1416895v1_genomic,NZ_AP022034.1,5167,plasmid,"NZ_AP022034.1 Escherichia coli strain WP3-S18-ESBL-08 plasmid pWP3-S18-ESBL-08_2, complete sequence"
GCF_014168955.1_ASM1416895v1_genomic,NZ_AP022035.1,4087,plasmid,"NZ_AP022035.1 Escherichia coli strain WP3-S18-ESBL-08 plasmid pWP3-S18-ESBL-08_3, complete sequence"
GCF_905219315.2_AI2721v1_cp_genomic,NZ_OW849064.1,5186323,chromosome,"NZ_OW849064.1 Escherichia coli isolate 131 chromosome main, complete sequence"
GCF_905219315.2_AI2721v1_cp_genomic,NZ_OW849065.1,146311,plasmid,"NZ_OW849065.1 Escherichia coli isolate 131 plasmid P1, complete sequence"
GCF_905219315.2_AI2721v1_cp_genomic,NZ_OW849066.1,38262,plasmid,"NZ_OW849066.1 Escherichia coli isolate 131 plasmid P2, complete sequence"
GCF_905219315.2_AI2721v1_cp_genomic,NZ_OW849067.1,2102,plasmid,"NZ_OW849067.1 Escherichia coli isolate 131 plasmid P3, complete sequence"
GCF_905219315.2_AI2721v1_cp_genomic,NZ_OW849068.1,1565,plasmid,"NZ_OW849068.1 Escherichia coli isolate 131 plasmid P4, complete sequence"
GCF_905219315.2_AI2721v1_cp_genomic,NZ_OW849069.1,1506,plasmid,"NZ_OW849069.1 Escherichia coli isolate 131 plasmid P5, complete sequence"
GCF_900520365.1_ASM90052036v1_genomic,NZ_LS992192.1,5302459,chromosome,"NZ_LS992192.1 Escherichia coli isolate Escherichia coli str. TO217 chromosome 1, complete sequence"
GCF_900520365.1_ASM90052036v1_genomic,NZ_LS992193.1,128948,plasmid,"NZ_LS992193.1 Escherichia coli isolate Escherichia coli str. TO217 plasmid 2, complete sequence"
GCF_900520365.1_ASM90052036v1_genomic,NZ_LS992194.1,86367,plasmid,"NZ_LS992194.1 Escherichia coli isolate Escherichia coli str. TO217 plasmid 3, complete sequence"
GCF_030708535.1_ASM3070853v1_genomic,NZ_CP107147.1,5230650,chromosome,"NZ_CP107147.1 Escherichia coli strain R14 chromosome, complete genome"
GCF_030708535.1_ASM3070853v1_genomic,NZ_CP107148.1,139792,plasmid,"NZ_CP107148.1 Escherichia coli strain R14 plasmid pR14-S7K7-1, complete sequence"
GCF_030708535.1_ASM3070853v1_genomic,NZ_CP107149.1,57907,plasmid,"NZ_CP107149.1 Escherichia coli strain R14 plasmid pR14-S7K7-2, complete sequence"
GCF_030708535.1_ASM3070853v1_genomic,NZ_CP107150.1,4251,plasmid,"NZ_CP107150.1 Escherichia coli strain R14 plasmid pR14-S7K7-3, complete sequence"
GCF_009577985.1_ASM957798v1_genomic,NZ_CP041337.1,5076638,chromosome,"NZ_CP041337.1 Escherichia coli strain CCUG 73778 chromosome, complete genome"
GCF_009577985.1_ASM957798v1_genomic,NZ_CP041338.1,161372,plasmid,"NZ_CP041338.1 Escherichia coli strain CCUG 73778 plasmid pSUH-1, complete sequence"
GCF_009577985.1_ASM957798v1_genomic,NZ_CP041339.1,79945,plasmid,"NZ_CP041339.1 Escherichia coli strain CCUG 73778 plasmid pSUH-2, complete sequence"
GCF_009577985.1_ASM957798v1_genomic,NZ_CP041340.1,5627,plasmid,"NZ_CP041340.1 Escherichia coli strain CCUG 73778 plasmid pSUH-3, complete sequence"
GCF_009577985.1_ASM957798v1_genomic,NZ_CP041341.1,5166,plasmid,"NZ_CP041341.1 Escherichia coli strain CCUG 73778 plasmid pSUH-4, complete sequence"
GCF_009577985.1_ASM957798v1_genomic,NZ_CP041342.1,5057,plasmid,"NZ_CP041342.1 Escherichia coli strain CCUG 73778 plasmid pSUH-5, complete sequence"
GCF_009577985.1_ASM957798v1_genomic,NZ_CP041343.1,1718,plasmid,"NZ_CP041343.1 Escherichia coli strain CCUG 73778 plasmid pSUH-6, complete sequence"
GCF_019428545.1_ASM1942854v1_genomic,NZ_CP080117.1,4983348,chromosome,"NZ_CP080117.1 Escherichia coli strain OV24 chromosome, complete genome"
GCF_018972205.1_ASM1897220v1_genomic,NZ_CP076687.1,5085697,chromosome,"NZ_CP076687.1 Escherichia coli strain S22EC chromosome, complete genome"
GCF_018972205.1_ASM1897220v1_genomic,NZ_CP076688.1,116936,plasmid,"NZ_CP076688.1 Escherichia coli strain S22EC plasmid pS22EC_A, complete sequence"
GCF_016890105.1_ASM1689010v1_genomic,NZ_CP069589.1,5080830,chromosome,"NZ_CP069589.1 Escherichia coli strain FDAARGOS_1266 chromosome, complete genome"
GCF_016890105.1_ASM1689010v1_genomic,NZ_CP069590.1,127965,plasmid,"NZ_CP069590.1 Escherichia coli strain FDAARGOS_1266 plasmid unnamed1, complete sequence"
GCF_016890105.1_ASM1689010v1_genomic,NZ_CP069591.1,5631,plasmid,"NZ_CP069591.1 Escherichia coli strain FDAARGOS_1266 plasmid unnamed2, complete sequence"
GCF_016890105.1_ASM1689010v1_genomic,NZ_CP069592.1,1552,plasmid,"NZ_CP069592.1 Escherichia coli strain FDAARGOS_1266 plasmid unnamed3, complete sequence"
GCF_030039345.1_ASM3003934v1_genomic,NZ_CP124517.1,5036755,chromosome,"NZ_CP124517.1 Escherichia coli strain AVS0343 chromosome, complete genome"
GCF_030039345.1_ASM3003934v1_genomic,NZ_CP124518.1,125500,plasmid,"NZ_CP124518.1 Escherichia coli strain AVS0343 plasmid pAVS0343-A, complete sequence"
GCF_030039345.1_ASM3003934v1_genomic,NZ_CP124519.1,1549,plasmid,"NZ_CP124519.1 Escherichia coli strain AVS0343 plasmid pAVS0343-B, complete sequence"
GCF_030039075.1_ASM3003907v1_genomic,NZ_CP124424.1,4977635,chromosome,"NZ_CP124424.1 Escherichia coli strain AVS0247 chromosome, complete genome"
GCF_030039075.1_ASM3003907v1_genomic,NZ_CP124425.1,104594,plasmid,"NZ_CP124425.1 Escherichia coli strain AVS0247 plasmid pAVS0247-A, complete sequence"
GCF_030039075.1_ASM3003907v1_genomic,NZ_CP124426.1,38937,plasmid,"NZ_CP124426.1 Escherichia coli strain AVS0247 plasmid pAVS0247-B, complete sequence"
GCF_030039075.1_ASM3003907v1_genomic,NZ_CP124427.1,5167,plasmid,"NZ_CP124427.1 Escherichia coli strain AVS0247 plasmid pAVS0247-C, complete sequence"
GCF_030039075.1_ASM3003907v1_genomic,NZ_CP124428.1,1549,plasmid,"NZ_CP124428.1 Escherichia coli strain AVS0247 plasmid pAVS0247-D, complete sequence"
GCF_002764015.1_ASM276401v1_genomic,NZ_CP024717.1,5196956,chromosome,"NZ_CP024717.1 Escherichia coli strain LS4 chromosome, complete genome"
GCF_002764015.1_ASM276401v1_genomic,NZ_CP024718.1,111779,plasmid,"NZ_CP024718.1 Escherichia coli strain LS4 plasmid p1LS4, complete sequence"
GCF_002764015.1_ASM276401v1_genomic,NZ_CP024719.1,5162,plasmid,"NZ_CP024719.1 Escherichia coli strain LS4 plasmid p2LS4, complete sequence"
GCF_029987955.1_ASM2998795v1_genomic,NZ_CP124328.1,5285418,chromosome,"NZ_CP124328.1 Escherichia coli strain AVS0787 chromosome, complete genome"
GCF_029987955.1_ASM2998795v1_genomic,NZ_CP124331.1,1914,plasmid,NZ_CP124331.1 Escherichia coli strain AVS0787 plasmid unnamed
GCF_029987955.1_ASM2998795v1_genomic,NZ_CP124329.1,149581,plasmid,"NZ_CP124329.1 Escherichia coli strain AVS0787 plasmid pAVS0787-A, complete sequence"
GCF_029987955.1_ASM2998795v1_genomic,NZ_CP124330.1,61165,plasmid,"NZ_CP124330.1 Escherichia coli strain AVS0787 plasmid pAVS0787-B, complete sequence"
GCF_018075305.1_ASM1807530v1_genomic,NZ_CP072980.1,5183755,chromosome,"NZ_CP072980.1 Escherichia coli strain 2547 chromosome, complete genome"
GCF_018075305.1_ASM1807530v1_genomic,NZ_CP072982.1,81323,plasmid,"NZ_CP072982.1 Escherichia coli strain 2547 plasmid pEC2547-3, complete sequence"
GCF_018075305.1_ASM1807530v1_genomic,NZ_CP072981.1,94462,plasmid,"NZ_CP072981.1 Escherichia coli strain 2547 plasmid pEC2547-KPC-2, complete sequence"
GCF_031664795.1_ASM3166479v1_genomic,NZ_CP134384.1,4893245,chromosome,"NZ_CP134384.1 Escherichia coli strain TUM11352 chromosome, complete genome"
GCF_031664795.1_ASM3166479v1_genomic,NZ_CP134387.1,88440,plasmid,"NZ_CP134387.1 Escherichia coli strain TUM11352 plasmid pMTY11352_3, complete sequence"
GCF_031664795.1_ASM3166479v1_genomic,NZ_CP134388.1,28451,plasmid,"NZ_CP134388.1 Escherichia coli strain TUM11352 plasmid pMTY11352_4, complete sequence"
GCF_031664795.1_ASM3166479v1_genomic,NZ_CP134385.1,162343,plasmid,"NZ_CP134385.1 Escherichia coli strain TUM11352 plasmid pMTY11352_IncF, complete sequence"
GCF_031664795.1_ASM3166479v1_genomic,NZ_CP134386.1,94712,plasmid,"NZ_CP134386.1 Escherichia coli strain TUM11352 plasmid pMTY11352_IncI1-I, complete sequence"
GCF_029990355.1_ASM2999035v1_genomic,NZ_CP124367.1,5174834,chromosome,"NZ_CP124367.1 Escherichia coli strain AVS0465 chromosome, complete genome"
GCF_029990355.1_ASM2999035v1_genomic,NZ_CP124368.1,103076,plasmid,"NZ_CP124368.1 Escherichia coli strain AVS0465 plasmid pAVS0465-A, complete sequence"
GCF_029990355.1_ASM2999035v1_genomic,NZ_CP124369.1,5167,plasmid,"NZ_CP124369.1 Escherichia coli strain AVS0465 plasmid pAVS0465-B, complete sequence"
GCF_029990355.1_ASM2999035v1_genomic,NZ_CP124370.1,4593,plasmid,"NZ_CP124370.1 Escherichia coli strain AVS0465 plasmid pAVS0465-C, complete sequence"
GCF_029990355.1_ASM2999035v1_genomic,NZ_CP124371.1,4082,plasmid,"NZ_CP124371.1 Escherichia coli strain AVS0465 plasmid pAVS0465-D, complete sequence"
GCF_016889265.1_ASM1688926v1_genomic,NZ_CP069488.1,4995060,chromosome,"NZ_CP069488.1 Escherichia coli strain FDAARGOS_1264 chromosome, complete genome"
GCF_016889265.1_ASM1688926v1_genomic,NZ_CP069489.1,14130,plasmid,NZ_CP069489.1 Escherichia coli strain FDAARGOS_1264 plasmid unnamed1
GCF_016889265.1_ASM1688926v1_genomic,NZ_CP069490.1,11357,plasmid,NZ_CP069490.1 Escherichia coli strain FDAARGOS_1264 plasmid unnamed2
GCF_016889265.1_ASM1688926v1_genomic,NZ_CP069491.1,9318,plasmid,NZ_CP069491.1 Escherichia coli strain FDAARGOS_1264 plasmid unnamed3
GCF_016889265.1_ASM1688926v1_genomic,NZ_CP069492.1,5251,plasmid,"NZ_CP069492.1 Escherichia coli strain FDAARGOS_1264 plasmid unnamed4, complete sequence"
GCF_016889265.1_ASM1688926v1_genomic,NZ_CP069493.1,5219,plasmid,"NZ_CP069493.1 Escherichia coli strain FDAARGOS_1264 plasmid unnamed5, complete sequence"
GCF_016889265.1_ASM1688926v1_genomic,NZ_CP069494.1,1549,plasmid,"NZ_CP069494.1 Escherichia coli strain FDAARGOS_1264 plasmid unnamed6, complete sequence"
GCF_019355495.1_ASM1935549v1_genomic,NZ_CP059130.1,5216726,chromosome,"NZ_CP059130.1 Escherichia coli strain Ec55 chromosome, complete genome"
GCF_019355495.1_ASM1935549v1_genomic,NZ_CP059131.1,167739,plasmid,"NZ_CP059131.1 Escherichia coli strain Ec55 plasmid pEc55_1, complete sequence"
GCF_019355495.1_ASM1935549v1_genomic,NZ_CP059132.1,4073,plasmid,"NZ_CP059132.1 Escherichia coli strain Ec55 plasmid pEc55_2, complete sequence"
GCF_019355495.1_ASM1935549v1_genomic,NZ_CP059133.1,2101,plasmid,"NZ_CP059133.1 Escherichia coli strain Ec55 plasmid pEc55_3, complete sequence"
GCF_019355495.1_ASM1935549v1_genomic,NZ_CP059134.1,1459,plasmid,"NZ_CP059134.1 Escherichia coli strain Ec55 plasmid pEc55_4, complete sequence"
GCF_002012025.1_ASM201202v1_genomic,NZ_CP018970.1,5259387,chromosome,"NZ_CP018970.1 Escherichia coli strain Ecol_542 chromosome, complete genome"
GCF_002012025.1_ASM201202v1_genomic,NZ_CP018969.1,82364,plasmid,"NZ_CP018969.1 Escherichia coli strain Ecol_542 plasmid pEC542_1, complete sequence"
GCF_002012025.1_ASM201202v1_genomic,NZ_CP018967.1,5167,plasmid,"NZ_CP018967.1 Escherichia coli strain Ecol_542 plasmid pEC542_3, complete sequence"
GCF_002012025.1_ASM201202v1_genomic,NZ_CP018966.1,4087,plasmid,"NZ_CP018966.1 Escherichia coli strain Ecol_542 plasmid pEC542_4, complete sequence"
GCF_002012025.1_ASM201202v1_genomic,NZ_CP018968.1,44320,plasmid,"NZ_CP018968.1 Escherichia coli strain Ecol_542 plasmid pEC542_KPC, complete sequence"
GCF_021496405.1_ASM2149640v1_genomic,NZ_CP051659.1,5048620,chromosome,"NZ_CP051659.1 Escherichia coli strain 1162C chromosome, complete genome"
GCF_021496405.1_ASM2149640v1_genomic,NZ_CP051660.1,79548,plasmid,"NZ_CP051660.1 Escherichia coli strain 1162C plasmid pEco1162Ca, complete sequence"
GCF_010725305.1_ASM1072530v1_genomic,NZ_AP022362.1,5237933,chromosome,"NZ_AP022362.1 Escherichia coli strain E302 chromosome, complete genome"
GCF_905330895.2_AI2951v1_cpp_genomic,NZ_OX030701.1,5070006,chromosome,"NZ_OX030701.1 Escherichia coli isolate 131 chromosome main, complete sequence"
GCF_905330895.2_AI2951v1_cpp_genomic,NZ_OX030702.1,90741,plasmid,"NZ_OX030702.1 Escherichia coli isolate 131 plasmid P1, complete sequence"
GCF_905330895.2_AI2951v1_cpp_genomic,NZ_OX030703.1,88990,plasmid,"NZ_OX030703.1 Escherichia coli isolate 131 plasmid P2, complete sequence"
GCF_905330895.2_AI2951v1_cpp_genomic,NZ_OX030704.1,63570,plasmid,"NZ_OX030704.1 Escherichia coli isolate 131 plasmid P3, complete sequence"
GCF_905330895.2_AI2951v1_cpp_genomic,NZ_OX030705.1,31765,plasmid,"NZ_OX030705.1 Escherichia coli isolate 131 plasmid P4, complete sequence"
GCF_905330895.2_AI2951v1_cpp_genomic,NZ_OX030706.1,4087,plasmid,"NZ_OX030706.1 Escherichia coli isolate 131 plasmid P5, complete sequence"
GCF_905330895.2_AI2951v1_cpp_genomic,NZ_OX030707.1,1552,plasmid,"NZ_OX030707.1 Escherichia coli isolate 131 plasmid P6, complete sequence"
GCF_030707875.1_ASM3070787v1_genomic,NZ_CP107153.1,5228698,chromosome,"NZ_CP107153.1 Escherichia coli strain R12 chromosome, complete genome"
GCF_030707875.1_ASM3070787v1_genomic,NZ_CP107154.1,123733,plasmid,"NZ_CP107154.1 Escherichia coli strain R12 plasmid pR12-B45342, complete sequence"
GCF_030708055.1_ASM3070805v1_genomic,NZ_CP107188.1,5095314,chromosome,"NZ_CP107188.1 Escherichia coli strain R2 chromosome, complete genome"
GCF_030708055.1_ASM3070805v1_genomic,NZ_CP107189.1,162472,plasmid,"NZ_CP107189.1 Escherichia coli strain R2 plasmid pR2-1030-1, complete sequence"
GCF_030708055.1_ASM3070805v1_genomic,NZ_CP107190.1,4593,plasmid,"NZ_CP107190.1 Escherichia coli strain R2 plasmid pR2-1030-2, complete sequence"
GCF_030708055.1_ASM3070805v1_genomic,NZ_CP107191.1,4091,plasmid,"NZ_CP107191.1 Escherichia coli strain R2 plasmid pR2-1030-3, complete sequence"
GCF_002056635.1_ASM205663v1_genomic,NZ_CP020116.1,4992088,chromosome,"NZ_CP020116.1 Escherichia coli strain AR_0104 chromosome, complete genome"
GCF_002056635.1_ASM205663v1_genomic,NZ_CP020117.1,107210,plasmid,"NZ_CP020117.1 Escherichia coli strain AR_0104 plasmid unitig_5, complete sequence"
GCF_002056635.1_ASM205663v1_genomic,NZ_CP020118.1,111212,plasmid,"NZ_CP020118.1 Escherichia coli strain AR_0104 plasmid unitig_6, complete sequence"
GCF_002056635.1_ASM205663v1_genomic,NZ_CP020119.1,51515,plasmid,"NZ_CP020119.1 Escherichia coli strain AR_0104 plasmid unitig_7, complete sequence"
GCF_030707975.1_ASM3070797v1_genomic,NZ_CP107174.1,5118568,chromosome,"NZ_CP107174.1 Escherichia coli strain R7 chromosome, complete genome"
GCF_030707975.1_ASM3070797v1_genomic,NZ_CP107175.1,111932,plasmid,"NZ_CP107175.1 Escherichia coli strain R7 plasmid pR7-S2K78-1, complete sequence"
GCF_030707975.1_ASM3070797v1_genomic,NZ_CP107176.1,129206,plasmid,"NZ_CP107176.1 Escherichia coli strain R7 plasmid pR7-S2K78-2, complete sequence"
GCF_030707975.1_ASM3070797v1_genomic,NZ_CP107177.1,4073,plasmid,"NZ_CP107177.1 Escherichia coli strain R7 plasmid pR7-S2K78-3, complete sequence"
GCF_024918915.1_ASM2491891v1_genomic,NZ_CP103755.1,5295156,chromosome,"NZ_CP103755.1 Escherichia coli strain p11B chromosome, complete genome"
GCF_024918915.1_ASM2491891v1_genomic,NZ_CP103756.1,180962,plasmid,"NZ_CP103756.1 Escherichia coli strain p11B plasmid unnamed1, complete sequence"
GCF_024918915.1_ASM2491891v1_genomic,NZ_CP103757.1,70739,plasmid,"NZ_CP103757.1 Escherichia coli strain p11B plasmid unnamed2, complete sequence"
GCF_030389755.1_ASM3038975v1_genomic,NZ_CP128947.1,4965000,chromosome,"NZ_CP128947.1 Escherichia coli strain TUM2826 chromosome, complete genome"
GCF_030389755.1_ASM3038975v1_genomic,NZ_CP128948.1,39121,plasmid,"NZ_CP128948.1 Escherichia coli strain TUM2826 plasmid pMTY2826_IncN, complete sequence"
GCF_030389755.1_ASM3038975v1_genomic,NZ_CP128949.1,4087,plasmid,"NZ_CP128949.1 Escherichia coli strain TUM2826 plasmid pMTY2826_untypable, complete sequence"
GCF_029989965.1_ASM2998996v1_genomic,NZ_CP124355.1,5285630,chromosome,"NZ_CP124355.1 Escherichia coli strain AVS0171 chromosome, complete genome"
GCF_029989965.1_ASM2998996v1_genomic,NZ_CP124356.1,149660,plasmid,"NZ_CP124356.1 Escherichia coli strain AVS0171 plasmid pAVS0171-A, complete sequence"
GCF_030708175.1_ASM3070817v1_genomic,NZ_CP107120.1,5281079,chromosome,"NZ_CP107120.1 Escherichia coli strain S12 chromosome, complete genome"
GCF_030708175.1_ASM3070817v1_genomic,NZ_CP107121.1,150851,plasmid,"NZ_CP107121.1 Escherichia coli strain S12 plasmid pS12-1027, complete sequence"
GCF_030039425.1_ASM3003942v1_genomic,NZ_CP124400.1,4984915,chromosome,"NZ_CP124400.1 Escherichia coli strain AVS0528 chromosome, complete genome"
GCF_030039425.1_ASM3003942v1_genomic,NZ_CP124403.1,5072,plasmid,NZ_CP124403.1 Escherichia coli strain AVS0528 plasmid unnamed
GCF_030039425.1_ASM3003942v1_genomic,NZ_CP124401.1,97703,plasmid,"NZ_CP124401.1 Escherichia coli strain AVS0528 plasmid pAVS0528-A, complete sequence"
GCF_030039425.1_ASM3003942v1_genomic,NZ_CP124402.1,5153,plasmid,"NZ_CP124402.1 Escherichia coli strain AVS0528 plasmid pAVS0528-B, complete sequence"
GCF_030039425.1_ASM3003942v1_genomic,NZ_CP124404.1,2113,plasmid,"NZ_CP124404.1 Escherichia coli strain AVS0528 plasmid pAVS0528-D, complete sequence"
GCF_030708035.1_ASM3070803v1_genomic,NZ_CP107184.1,5283900,chromosome,"NZ_CP107184.1 Escherichia coli strain R3 chromosome, complete genome"
GCF_030708035.1_ASM3070803v1_genomic,NZ_CP107185.1,134093,plasmid,"NZ_CP107185.1 Escherichia coli strain R3 plasmid pR3-1063-1, complete sequence"
GCF_030708035.1_ASM3070803v1_genomic,NZ_CP107186.1,89917,plasmid,"NZ_CP107186.1 Escherichia coli strain R3 plasmid pR3-1063-2, complete sequence"
GCF_030708035.1_ASM3070803v1_genomic,NZ_CP107187.1,1616,plasmid,"NZ_CP107187.1 Escherichia coli strain R3 plasmid pR3-1063-3, complete sequence"
GCF_002142715.1_ASM214271v1_genomic,NZ_CP021207.1,5013813,chromosome,"NZ_CP021207.1 Escherichia coli strain strain Z247 chromosome, complete genome"
GCF_002142715.1_ASM214271v1_genomic,NZ_CP021208.1,86725,plasmid,"NZ_CP021208.1 Escherichia coli strain strain Z247 plasmid p2474-3, complete sequence"
GCF_002142715.1_ASM214271v1_genomic,NZ_CP021209.1,223982,plasmid,"NZ_CP021209.1 Escherichia coli strain strain Z247 plasmid p2474-MCR1, complete sequence"
GCF_002142715.1_ASM214271v1_genomic,NZ_CP021210.1,75553,plasmid,"NZ_CP021210.1 Escherichia coli strain strain Z247 plasmid p2474-NDM1, complete sequence"
GCF_900520345.1_ASM90052034v1_genomic,NZ_LS992180.1,5137826,chromosome,"NZ_LS992180.1 Escherichia coli isolate Escherichia coli str. TO124 chromosome 1, complete sequence"
GCF_900520345.1_ASM90052034v1_genomic,NZ_LS992181.1,149633,plasmid,"NZ_LS992181.1 Escherichia coli isolate Escherichia coli str. TO124 plasmid 2, complete sequence"
GCF_900520345.1_ASM90052034v1_genomic,NZ_LS992182.1,133139,plasmid,"NZ_LS992182.1 Escherichia coli isolate Escherichia coli str. TO124 plasmid 3, complete sequence"
GCF_001566675.1_ASM156667v1_genomic,NZ_CP014497.1,5046610,chromosome,"NZ_CP014497.1 Escherichia coli strain ZH193 chromosome, complete genome"
GCF_001566675.1_ASM156667v1_genomic,NZ_CP014498.1,209768,plasmid,"NZ_CP014498.1 Escherichia coli strain ZH193 plasmid pZH193, complete sequence"
GCF_030707895.1_ASM3070789v1_genomic,NZ_CP107155.1,5120131,chromosome,"NZ_CP107155.1 Escherichia coli strain R11 chromosome, complete genome"
GCF_030707895.1_ASM3070789v1_genomic,NZ_CP107156.1,110062,plasmid,"NZ_CP107156.1 Escherichia coli strain R11 plasmid pR11-698-1, complete sequence"
GCF_030707895.1_ASM3070789v1_genomic,NZ_CP107157.1,95994,plasmid,"NZ_CP107157.1 Escherichia coli strain R11 plasmid pR11-698-2, complete sequence"
GCF_030707895.1_ASM3070789v1_genomic,NZ_CP107158.1,24413,plasmid,"NZ_CP107158.1 Escherichia coli strain R11 plasmid pR11-698-3, complete sequence"
GCF_030707895.1_ASM3070789v1_genomic,NZ_CP107159.1,4088,plasmid,"NZ_CP107159.1 Escherichia coli strain R11 plasmid pR11-698-4, complete sequence"
GCF_030707895.1_ASM3070789v1_genomic,NZ_CP107160.1,1552,plasmid,"NZ_CP107160.1 Escherichia coli strain R11 plasmid pR11-698-5, complete sequence"
GCF_030707895.1_ASM3070789v1_genomic,NZ_CP107161.1,1454,plasmid,"NZ_CP107161.1 Escherichia coli strain R11 plasmid pR11-698-6, complete sequence"
GCF_002012205.1_ASM201220v1_genomic,NZ_CP018983.1,4947532,chromosome,"NZ_CP018983.1 Escherichia coli strain Ecol_867 chromosome, complete genome"
GCF_002012205.1_ASM201220v1_genomic,NZ_CP018982.1,100168,plasmid,"NZ_CP018982.1 Escherichia coli strain Ecol_867 plasmid pEC867_1, complete sequence"
GCF_002012205.1_ASM201220v1_genomic,NZ_CP018980.1,4074,plasmid,"NZ_CP018980.1 Escherichia coli strain Ecol_867 plasmid pEC867_3, complete sequence"
GCF_002012205.1_ASM201220v1_genomic,NZ_CP018981.1,14029,plasmid,"NZ_CP018981.1 Escherichia coli strain Ecol_867 plasmid pEC867_KPC, complete sequence"
GCF_031787095.1_ASM3178709v1_genomic,NZ_CP133923.1,5014829,chromosome,"NZ_CP133923.1 Escherichia coli strain M21816 chromosome, complete genome"
GCF_031787095.1_ASM3178709v1_genomic,NZ_CP133926.1,111125,plasmid,"NZ_CP133926.1 Escherichia coli strain M21816 plasmid pEco_M21816_111, complete sequence"
GCF_031787095.1_ASM3178709v1_genomic,NZ_CP133925.1,136236,plasmid,"NZ_CP133925.1 Escherichia coli strain M21816 plasmid pEco_M21816_136, complete sequence"
GCF_031787095.1_ASM3178709v1_genomic,NZ_CP133924.1,274233,plasmid,"NZ_CP133924.1 Escherichia coli strain M21816 plasmid pEco_M21816_274, complete sequence"
